Plastic Type,PDB-ID,Enzyme Name,protein_sequence,smiles,smiles_length,protein_length
PHB_PHA,,PHB_depolymerase,MKHPYGYRWHWLYALVVTLMTALATFSAHAAVTAGPGAWSSQQTWAADTVNGGNLTGYFYWPASQPTTPNGKRALVLVLHGCLQTASGDVIDNANGAGFNWKTIAEQYGAVVLAPNATGNVYSNHCWDYANTSPSRTSGHVGVLLDLVNRFVTNSQYAIDPNQVYVAGLSSGGGMTMVLGCIAPDIFAGIGINAGPPPAITRWKIGVVPSGYTATTAANNCKAWAGSNASSFNTQIAGAVWGTSDYTVAQAYGPMDTAAFRQIYGGTFTQGAQVSISGGGTNTPYTDSNGKLRTHEISVSGMAHAWPAGTGGDNNNYVDATHINYPAFVMDYWVKNNLRAGSGPVQSAGTPTGLTVTGTTTTSVSLSWNAVTNATSYNVYRNGSKVGSSTSTTYTDTGLIAGTTYSYTVTEIDPTAGESAQSSAVSAKTQSSFACTATTASNYAHVQAGRAHDSGGIAYANGSNQSMGLDNVFYTNTLAQTAAGYYVIGNCP,[*]OC(C)CC(=O)[*].[*]OC(C)CC(=O)[*],35,492
PHO_PHA,,PHA_depolymerase,MPLRTLLCGLLLAVCLGQHALAASRCSERPRTLLRPAEVSCSYQSTWLDSGLVGQRKIIYQTPLGTPPAGGWPVVLIYQGSFFPLNDFSYHSNLPFGGYYEGKLVQNLLDHGYAVIAPSAPADLFWQTNIPGLAQAYELSTDYDFLGNVLAAIASGHFGPLNAQRQYATGISSGGYNTSRMAVSFPGKFRALAVQSGSYATCSGPLCVVPDQLPADHPPTLFLHGFVDAVVPWWSMDLYYDRLLHQGIETARYTEPLGGHEWFAASPGKVLAWFNAHP,[*]OC(C)CC(=O)[*].[*]OC(C)CC(=O)[*],35,278
PHB_PHA,,PHB_depolymerase-A,MRNTLKAAFKLGVISAALLAPFATQAATAGPGAWSSQQTWAADSVNGGNLTGFYYWPATQPVHANGKRALVLVLHGCAQTASGDVINNGDNGYNWKAAADQYGAVILAPNATGNVSSQHCWDYSRTSHSRSTGHEYVLLDLINRFKNDPQYEIDPNQVYVTGLSSGGGETIVLGCIAPDVFAGWASNAGPTPGTTTLQIGAVPSGYTATNAKNNCLSLAGSNSSYFSTQIAGVVWGTSDFTVAPGYNPLMMDAMRQIYGGTFTKQASTSVATGGTNTTYKDSSGRVRTHELSVSGMSHAWPAGTGGQNTNYVTSQYVNYPLFVMDYFFTNNSRAGSGGGTTTTTAGGTTTTTAAGTTTTAATTTTTASSTTTTVAATCYTSSNYAHVTAGRAHNSSGYALANGSNQNMGLNNTFYTSTLKQTSPGYYVIGTCP,[*]OC(C)CC(=O)[*].[*]OC(C)CC(=O)[*],35,433
PHB_PHA,,PHB_depolymerase,MLAKQIKKANSRSTLLRKSLLFAAPIILAVSSSSVYALTQVSNFGTNPGNLQMFKHVPSGMPANAPLVVALHGCTQTAAAYEASGWSALGNTHKFYVVYPQQQSGNNSNKCFNWFEPGDITRGQGEALSIKQMVDNMKANHSIDPSRVYVTGLSAGAFMTTVMAATYPDVFAGAAPIAGGPYKCATSMTSAFTCMSPGVDKTPAAWGDLARGGYSGYNGPKPKISIWHGSSDYTVAPANQNETVEQFTNYHGIDQTPDVSDTVGGFPHKVYKSANGTPLVETYTITGMGHGTPVDPGTGANQCGTAGAYILDVNVCSSYYIGQFFGIIGGGGTTTTTTSGNVTTTTAATTTTTTATQGYTQTTSATVTNHYVAGRINVTQYNVLGARYGYVTTIPLYYCPSLSGWTDKANCSPI,[*]OC(C)CC(=O)[*].[*]OC(C)CC(=O)[*],35,414
PHB_PHA,,PHA_depolymerase_B,MMSSQTTQSSKFSLFLKRGLLLAAAPLLAMSASSALAATQVTGFGSNPGNLLMYKHVPSSMPANAPLVIAMHGCTQSASAYEATGWTQLANTYKFYVVYPEQQSSNNQNKCFNWFEPGDIARGQGEALSIKQMVDKMKADHSIDTNRVYVTGLSAGGYMVNVMLATYPDVFAGGAPFSGGPYNCATSMTNAFTCMSPGVDKTPAAWGDLARGGYSGYTGRKPIVSIWHGDADYTVKQSNQVEEVEQWTNYHGIDQTADVSDTVAGFPHKVYKDASGNALVETYTITGMGHGTPVDPGTGSLQCGTAGAYILDVNICSSYYVAKFWGLIGGSGTTTTTSAGTTTTTSAGTTTTKASTTTTKVSTTTTASTTTTTAGACYNSSNYAHVTAGRAHDTGGYAYTNGSNQKMGLNNTFYTSKLRKTGTNYYVIDTTCP,[*]OC(C)CC(=O)[*].[*]OC(C)CC(=O)[*],35,433
PHB_PHA,,PHB_depolymerase,MQLKKSLRVTIAVLLGAGVSASAFALTPGSGTWVKESATYGTPNLQDAYLYVPKNPAPQVLGGKRALMLSLHGCGQTASTSVIDKRFNWEETAEKYGMVVVAPTVPTGTSSTRAASGCWDWFGTAHNRTTRDVVPLIKLIDAVKARTNLDIDPNQIYVSGLSAGAGETHVLGCSFPDYFAGVAPNASPSLGSAAGDISVPPKRTPQQVADMCRAINGNQFNAHLDTQIFATVYGDKDYLVLPAHNEVNRDGMKIAYDATVSAGTASVDGGGTASLFKDSRGRLRISSMVVAGMSHAWPSGPGAAPYIAWVDSTRVNYPAYVTQFFFENNLRVNKWKITCSVNVPNASSATVSASATAAAGATVASYRVALQGKTAINDNAAGSGTSLNKSYNLGNGIYAGTVTAVDSKGVESEACQLSSFQVGQLDPLYPPSDIQATGISSSSIKLNWSAVSSATAYDVRRNGGAPVRVTATQYTDTGLAPDTSYSYTVTSVNDNMTSGQSGQIIGKTQPVTYTEKVTATVTGHYSAGRINVNQYLQLGAKYGYNASLTLYKCEGVWTNSSSCGPLQ,[*]OC(C)CC(=O)[*].[*]OC(C)CC(=O)[*],35,567
PHB_PHA,,PHB_depolymerase,MNKYLKNLCFAAATVTLMASAPSAFALSEVTGFGTNPGALKMFKHVPTSMPTNAPLIVAMHGCTQSASAYEGSGWSALANNYKFYVVYPEQQSGNNSNKCFNWFESGDIARGQGEALSIKQMVDKMKADYSIDANRVYVTGLSAGAFMTAVMAATYPDVFAGAAPIAGGPYKCATSMIDAFSCMSPGTDKTPAAWGDLARGGYSGYNGRKPKISVWQGSSDTTVKPMNMDELMQQWTNYHGIDQTADVSETVKGFPHKVYKDASGNALVETWSITGMAHGTPVDPGTGAEQCGTSGSYILDVNICSSYHIAQFFGLTGAGTTTTTTVGSTSTTTGYTSTSSAPVTTTTSVASTTTTTVAAGACYNASNYAHVTAGRAVNSMGYAKAKGSNQNMGLYNTFTTSKLREAPAGYFTIDSTCP,[*]OC(C)CC(=O)[*].[*]OC(C)CC(=O)[*],35,419
PCL,,Cutinase,MKFFALTTLLAATASALPTSHPVQELEARQLGGGTTRNDLTNGNSASCADVIFIYARGSTETGNLGTLGPSIASKLESAFGRDGVWIQGVGGAYRATLGDNSLPRGTSSAAIREMLGLFQQANTKCPDATLIAGGYSQGAALGAASVEDLDSAIRDKIAGTVLFGYTKNLQNHGRIPNFPADRTKVFCNTGDLVCTGSLIIAAPHLTYGPDARGPAPEFLIEKVRAVRGSA,[*]OCCCCC(=O)[*],16,231
PCL,,Cutinase,MKFFALTTLLAATDSALPTSHPVQELEARQLGGGTTRNDLTNGNSASCADVIFIYARGSTETGNLGTLGPSIASKLESAFGRDGVWIQGVGGAYRATLGDNSLPRGTSSAAIREMLGLFQQPNTKCPDATLIAGGYSQGAALAAASVEDLDSAIRDKIAGTVLFGYTKNLQNHGRIPNFPADRTKVFCNTGDLVCTGSLIIAAPHLTYGPDARGPAPEFLIEKVRAVRGSA,[*]OCCCCC(=O)[*],16,231
PVA,,PVA_dehydrogenase,MQQNIERNQVSMTTSRFVWGAVMALVALGSASAAELNLPDGAALYRARCGTCHDNPQDRTPARDVIARNSPAFIMAAMNGVMAPMAAGLSEAEKQAIALHLGARPAGGSQEINPHAIWGPPSASMPLDGPKCKGKIPPIDLSTPDQWNGWGAGITNARFQPNPGLTAADVPRLKVKWAFNYPGSKNGQATVVGDRLFVTSMSGAVYALNAKTGCVYWRHDAAAATRSSVHVVQLPAGAPAQYAIFFSDWTKAAVALDAQTGKQLWKTTIDDQPGVQMTGSPTYHEGKLFVPISSGNEAFATNDQWECCKFRGALVALDALSGKVLWKTYTTQKEPAPFRLNKLGKQMWGPAGGSIWSAPTIDPKRGLVYVATSNSYTEVHHEGSDAVMAMEIETGKVRWINQVTKDDNYIIGCPRAANCPEKVGPDFALGNSPILHTLQDGRQYIVVGQKSGAVYAMDPDNDGELIWMRRVSPGSELGGVEFGMAADAENVYVGISDVITRKGGKPGVYALRIRDGADVWAFPAPRTPCRWNNIFCHPAVSQAVTAMPGVVFAGSMDGHFRAFSTSDGKVLWEFNTAAAPYKTVAGKQADGGVMDGAGPTIAGGMVYVHSGYAGRSTQNAGDLRGREGNVLIAFSVDGK,CCO,3,639
PHB_PHA,,PHB_depolymerase,MAFNFIRAAAAGAAMALCGVGSVHAAVNLPALKIDKTQTTVSGLSSGGFMAVQLHVAYSATFAKGAGVVAGGPFYCAEGSIVNATGRCMASPAGIPTSTLVSTTNTWASQGVIDPVANLQNSKVYLFSGTLDSVVKTGVMDALRTYYNSFVPAANVVYKKDIAAEHAMVTDDYGNACSTKGAPYISDCNFDLAGAMLQHLYGTLNARNNATLPTGNYIEFNQSEFITNHGMATTGWAYVPQACQAGGTATCKLHVVLHGCKQNIGDVQQQYVRNTGYNRWADTNNIVMLYPQTSTAATNSCWDWWGYDSANYSKKSGPQMAAIKAMVDRVSSGTGGTTPPDPVALPAPTGVSTSGATASSMAIGWAAVMGAASYNVYRNANKVNALPVTATSYTDTGLAASTTYSWTVRAADANGAEGATSAAASGTTLAASGGGTATCTTASNYAHTLAGRAYAAGGYTYALGSNQNMGLWNVFVTNTLKQTSTNYYVIGTCP,[*]OC(C)CC(=O)[*].[*]OC(C)CC(=O)[*],35,494
PHB_PHA,,PHB_depolymerase,MTSRPMRSLVIAFLTLVAAAAPALAGAGAWQNNLSLGGFNKVHLYTPDGDSPVGNGKALLIVLHGCTQSIDAYKTANLEVAAEEYGMVVAVPDAMNKAGFSCWSYWQGTKSRSAGDYKNLINLANTLSGDAARGIDPNQVYIAGLSSGASFANTTACLAPDVFAGVGVSAGPSVGTSSSGAIGTCEQADVESRCRDLGGGYQSAFDTQVASIAHGDADTTVDTCYNRQNAEGMAGLYGVSEVAGSTVINADGGSAEEFLWQDGRVSMLWFHGLDHSWSGGQGASGSYVSGASINYARYLGGFFAEHNARIDRNRVPTLAQVDVTASADRIQVSGQASDEDGTVSSVAIVIEGVNGGGATLAAAIDNNGYFQATSDPLADGLYTVAVTAADDDGGESEPAIRTVRVGPEPPASAPVLSDIAVSVDGQCATVSGQVVDENQDLAGVTVTFASGVRAAGIDGVRYSARACDLPGGAQNATVSAEDEGGLSSGDQIDFVIDAGQTATLDQHISAGRLDYTNYADCYLEYGADAFKLTEATVSGQCQWQDDDASCAGPVQACSGAGGGGDPQPQPGDECQTQSTYNYYHKVAGRAYSTGNYYAPDYFAQGSDEPMAGSTWGLTALYSEDGGNVWRLGECP,[*]OC(C)CC(=O)[*].[*]OC(C)CC(=O)[*],35,635
PU,,PU_esterase_,MNSRSLTKAIRFPTILALAGFSVLGACGGSDNDSSSNNQGAPAVAITVAGQVQAVDRLGMRRYFGIPFAAPPVGNLRWMPPAPPQSWAAPLAKTQSNAPCMQTGATDPLRLPNGTEDCLYLDVHAPATGEGPFPVMVWIHGGAFSIGGTITYADPSPLVSKGVIVVNIAYRMGAMGFLGHPSLRAADGTVGNYGIMDQQAALRWVQDNIAAFGGDKSNVTIFGESAGGFSVMTHLASPLSKGLFAKAIVQSGGYGFDRQLTQAQLEAQSTSIVNSALAAAGVSCPTVDAACLRGLSAELVNNQLATAFTTANWSPVPSVDGKVLPKSIKATFVAGENNKVPLVNGSNQDEWSYFVASRELVAGPLTAAQYPSYLQTSLGLPPSLATVYPLTDYGTNTAQQPSLAATAAGTDMHFSCPALNLSKRVLSQATPIFMYEFRDRTAIPSIGRNTISFNQGAGHTYELQYLFNLRDLETAEHRDLQASMARYWTNFARTSNPNNGDPVATSWPAFTGPTKVLGLDVASAGGIRELATFETDHKCNTAWTSLTF,[*]OCCOC(=O)NCCCCCCN(=O)OCCO[*],31,548
PHB_PPL_PHA,,PHB_depolymerase,MAFNFIRAAAAGAAIALCGVASVHAAVNLPALKIDKTQTTVSGLSSGGFMAVQLHVAYSATFAKGVGVVAGGPFYCAEGSVVNATGRCMASPTGIPTSTLVNTTNTWAGQGVIDPVANLQNSKVYLFSGTLDSVVKTGVMDALRTYYNSFVPAANVVYKKDIASEHAMVTDDYGNGCSTKGAPYISDCNFDLAGAMLQHLYGTLNARNNATLPSGNFIEFNQSEFISNHGMATTGWAYVPQACQAGGTATCKLHVVLHGCKQNVNDVQQQYVRNTGYNRWADSNNIVMLYPQTSLAATNSCWDWWGYDSANYSKKSGPQMAAIKAMVDRVGSGGTTNPPVDLPAPTGVKPSGATASSMAIGWNAVSGGPSYNVYRNGNKTNALPVTATNFTDTGLAASTTYSWTVRAADGNGAEGAVSAAASGTTLAASGGGTGTCTTASNYAHTMAGRAYVYGGYTFALGSNQSMGLWNIFVNKTLKQTSPNYYVIGTCP,[*]OC(C)CC(=O)[*].[*]OC(C)CC(=O)[*],35,491
PU,,Polyurethane_esterase_A,MGVFDYKNFTASDSKALFSDALAITLYSYHNIDNGFAEGYQHNGFGLGLPATLVTALIGSGNSQGVIPGIPWNPDSEKAALDALHQAGWSTISAQQLGYDGKVDGRGTFFGEKAGYGTAQVEILGKYDAQGHLESIGIAFRGTSGPRESVISDTIGDVINDLLAALGPKDYAKNYAGEAFGKLLGDVAAFAQANGLSGKDVLVSGHSLGGLGVNSLADLSSERWSGFYKDSNYIAYASPTQSASDKVLNIGYENDPVFRALDGSTFNLSSLGVHDAHQDSATNNIVNFNDHYASTLWNVLPSSILNIPTWLSHLPTGYGDGLSRVLESKFYDFTSKDSTIVVANLSDPARASTWVQDLNRNAETHKGSTFIIGSDGNDLIQGGSGNDYLEGRAGNDTFRDSGGYNIILGGQGSNTLDLQQSVKNYSFASDGAGTLYLRDANGGISMTRDIGAIQSKEPGFLWGLFKDDVIHQVTDQGLKAGGQLTQYASSVRGDAGDNVLKAHAGGDWLFGLDGNDHLIGGQGNDVFVGGAGNDLMEAGGGNNTFLFTGHFGQDRILGYQGGDKLVFMGVSGVLPDQDYRAHASSSGNDTVLTFGQDSVTLVGVSLEHLNGSGIVLA,[*]OCCOC(=O)NCCCCCCN(=O)OCCO[*],31,617
PHB_PHA,,PHB_depolymerase,MRVQSWRSGVAALALWGGVNLAAGAAVPLGQYNIATDQISVSGLSSGGFMANQLGNAYSASFMGVGIFAAGPYMCAGLNNYTACMYNASISSAQLNAMQSSIDSYSSAASIDAKSRIAAQKIYIFTGTSDYTVGPNLTDALQTQYLNNGVPQGNIAYVKRSGAAHVLPTDFDSSGNNACSSSASPYISNCGYDGAKAALTHFYGALNPRNDAPATGNYIEFNQASYTNANPGMASTGWLYVPQSCASGTQCRLHVVLHGCQQSTDKIGDKFVRNTGFSRWADTNNIIVLYPQTQVDNNNRSTSKSGSLANPNACWDWIGWYGNNFAQKSGVQMTAIKAMIDRIASGAGSGTGGGNGGGTPTQPALAAPTGLGASAATSTSMQLDWAPVTSAAGYNVYRNGNKANALTVYATSYVDAALNPATSYSWTVRAVDGNGAESADSAAVSASTLTGSNPAGTCTTASNYAHVQANRAYQQGGYAYANGSGQNMGLWNVFYTTTLKQTGSNYYVIGTCP,[*]OC(C)CC(=O)[*].[*]OC(C)CC(=O)[*],35,513
P3HP_P4HB_PEA_PES_PHB_PHA,,PHB_depolymerase,MTKQSLPQGMADQRLCRFFTAALCSLLMLLLWPTTVTAGQTFSYTSPQQAYSGSRERSYKVYVPTGLSTPAPMVMALHGCRQTNDDVLNDWGLKAAADRYGFILVAPFITSYDGLRNENCWGFWFEQHIHQGGGEVADLHRIAQQVEANFVIDANRRFITGLSSGGAMALVAAVAYNEYWAAAAPAAGLPYRETASSVSLSGQCPGSATFRSVSQVAADMRSEVNDAYPIPLMILQNRNDCTVLQTAANNMRDAHLQVFGSASRNTPATTKASDTGCSPYHQNDYGCRHIAYTQDGTTATRSLVETVIYDGPLATPNPQDTNHGHYWIGGAQGNNGKWSLQVGPSYPDIIWDFFSRHSRDGSQPQGHPVIVLQGDNPLSVPLGSTFNDPGASASDAEDGSLPVSADCSAVNPSVVGSYSCLYSATDSDGNRSTLTRTVEVYDPNAPVETCQVVSASPSAHIGAGRAYAGGTSNLRAYAKDDGVDIGGSFDTWSNVPLYEGEPGRWYAQRPAACGGSGQAFTCQEWNASNLSHVMAGRAYYGYYTVGGNQYLGSLSGLSTWVRETAQGHFQAGRCSN,[*]OCCOC(=O)CC(=O)O[*].[*]OC(C)CC(=O)[*].[*]OC(C)CC(=O)[*],58,576
P3HP_P4HB_PEA_PES_PHB_PHA,,PHB_depolymerase,MVRRLWRRIAGWLAACVAILCAFPLHAATAGPGAWSSQQTWAADSVNGGNLTGYFYWPASQPTTPNGKRALVLVLHGCVQTASGDVIDNANGAGFNWKSVADQYGAVILAPNATGNVYSNHCWDYANASPSRTAGHVGVLLDLVNRFVTNSQYAIDPNQVYVAGLSSGGGMTMVLGCIAPDIFAGIGINAGPPPGTTTAQIGYVPSGFTATTAANKCNAWAGSNAGKFSTQIAGAVWGTSDYTVAQAYGPMDAAAMRLVYGGNFTQGSQVSISGGGTNTPYTDSNGKVRTHEISVSGMAHAWPAGTGGDNTNYVDATHINYPVFVMDYWVKNNLRAGSGTGQAGSAPTGLAVTATTSTSVSLSWNAVANASSYGVYRNGSKVGSATATAYTDSGLIAGTTYSYTVTAVDPTAGESQPSAAVSATTKSAFTCTATTASNYAHVQAGRAHDSGGIAYANGSNQSMGLDNLFYTSTLAQTAAGYYIVGNCP,[*]OCCOC(=O)CC(=O)O[*].[*]OC(C)CC(=O)[*].[*]OC(C)CC(=O)[*],58,488
PU,,Polyurethanase,MSMSIFDYKTALGGDGKALYSEAITLALYASTPTGEALPGTAWRPISVSQLGYQGNVSAQGTISGEQAIVSDAQSRCWANTTRPGSCCPSASSFRGTRQPQGRYQRLAGGLRVGLLPTTTSRLAFDNLLGKVAAFAAAQGLSGSDVLVTGHSLGGLGGQPRGGHEQRSLGRLLPGRQLLGFASPTQSANSSQVLNIGYETTRCSAPWTALISTALSLGTHWQAPGVATNNIVSFTDHYSSFLGEVDSPEHPQSAVLVGPQCGGLRRGLNRLINSDFYDLTSRDSTVVISNLSEGKRDQVWVKDLNLYAEKHTGSTFIIGTQSNDLLHGGKGNDYLDGGAGDDRFRDDGGYNIIHGGQGHNVLELQQPLKNFSIANDGDGTLYIRDAYGGISMTRDVGALVSHETGSWWQLFGKDVSHSVTADGLQNGNQWTAYNHSLNGDAYGNALVASVDGDWLFGHGGDDLLSSDKANVTFVGGTGNDVMHSSGGGGNTFLFSGNFGFDLIHGYQNTDKLVFMGVPGVDAHYDYSQHLSQNGNDTLVQVFGEFLRVNPWWGSAWTSLSGSGLVFA,[*]OCCOC(=O)NCCCCCCN(=O)OCCO[*],31,567
PBS,,PBS_depolymerase,MHLPRSRWDIPFKEETTMTHHFSVRALLAAGALLASAAVSAQTNPYERGPAPTTSSLEASRGPFSYQSFTVSRPSGYRAGTVYYPTNAGGPVGAIAIVPGFTARQSSINWWGPRLASHGFVVITIDTNSTLDQPDSRSRQQMAALSQVATLSRTSSSPIYNKVDTSRLGVMGWSMGGGGSLISARNNPSIKAAAPQAPWSASKNFSSLTVPTLIIACENDTIAPVNQHADTFYDSMSRNPREFLEINNGSHSCANSGNSNQALLGKKGVAWMKRFMDNDRRYTSFACSNPNSYNVSDFRVAACN,[*]OCCCCOC(=O)CC(=O)O[*],24,304
PHB_PHA,,PHB_depolymerase,MKTRMLVGWAAAAVLAAGPAWAVQSLPRLNIDKSQISVSGLSSGGFMANQLGVAHSSTFMGVGVFAAGPYMCAGHYNYTACMYNATISDGQLSTMQSSINHWSGSQIDDKAGIAKQKIYLFVGTSDSTIGPNPMDALRKQYANNAVPTGNDEYIKRSGAAHVFPTDFDAAGNNSCGSTSSPYIANCGYDGAKAVLTRIYGTLNPRNDTPPASNYIEFSQASFTNNPGMAATGWVYVPSDCAAGAQCRLHVALHGCQQSYAQIGDKFIKNTGYTRWADTNRIVVLFPQTKVDNTSRSTAASGLLPNPNACWDWIGWYGSDFAQKGGSQISAIKAMVDHLASGAPTSTLPAPTGVSTSGATDTSMVISWASVQGAAGYHVYRNGAKQTTTPVTGTSYTDTGLTPATTYQWTVTAVDGQGAESVPSAAASGTTTGAAPPPATCYTASNYAHTTACRAYAAWGYAYAKGSNQNMGLWNIYVITTLKQTGPNHYVIGTCP,[*]OC(C)CC(=O)[*].[*]OC(C)CC(=O)[*],35,495
PHB_PHA,,PHB_depolymerase,MQHLLSGWIRRIALPVLTLSTLIILPSLPAHAGQTDSYTLPQQAYNQSRARDYKVYVPDGLTSPAPMVMALHGCKQTNNDVLNDWGLKAAADRYGFILVAPYITSYDGLRNQNCWGFWFDHHRHEGAGEVEDLHQIALAVEGNYSIDPQRRFITGLSSGGAMTAVAAITHNEYWAAAASASGLPYGEDSSSVSLTGQCPGNATFHSVSRVVSDMQAELNDPYPIPMMVLQNKNDCTVLKKAADNIRDAHLKVFGEAGFDTPSGADAGTVNCSPYYQNDYNCTHTRYTQDGTTGTRSVVETVYLDGPLSTPNTQDTDHGHYWVSGKDGNNGKWAIRVGPSYPDIIWNFFAAHDRDGPDPEGYPVITLIGDNPMSVAIGTAFTDPGATAEDAEDGSLTVSADCSDVDTASVGTYACTYSATDSDTNETTVTRSVEVYDPKAPVETCQQATASPSGHISAGRAYAGGTSNLRAYANGDDADIGASFDSWSSVVLYEGEPGQWFSQEPSACSGVPDDGNDNGDPVACQDWNASNLSHSMAGRAYYSAGYYTTGGDDSLGPIPGTYTWVKETSAGVFEAGQCP,[*]OC(C)CC(=O)[*].[*]OC(C)CC(=O)[*],35,578
PLA,,PLA_depolymerase,MRKLKLLLMVCMSMVFIFTLPGMGQSLKASAATERTPIVFVHGLTGSDSNFALIERYLRGEGWSSDELFAIDLPSKAGNQLLNSAAISRFVDDVLRQTGHSKVHIVAHSMGGANSLYYILNRGGIDKVDKLITLGGANRLTTSRAPDGIRVTSIYSTSDTIVSPALSRLDGANNISVNLVTHIGLLYNSRVNALIKAALIE,[*]OC(C)C(=O)[*],16,201
PHB_PHA,,PHB_depolymerase,MSVLHGMFGFLSPEGPSSPSDGVGSLEQVAEREAHQGPGPGDAPMLVARGDHMTTPAQPSPFHRVLGHRLLGGPFDRRGATVLSDDAARGPDPGILDHVRPGGRVACVAEPESVGRQPAAVRQAAQRMAVRTPAMLAPRSGRAGGDGTVLMFGGTVDEAGHSDQGWWLRTKPKPNLAHRTVRGNPQRWPARGNSSIAGYDESRVHRRLGTLCGTRSPLLQAGGAGGSILPLVPVRHCLYAVRQIGAIGHGKGNSAAEFGLKTTVVDGETVAITERIALRKPFCNLLHFAKPEGTPAQPRVLLVAPMSGHHATLLRGTVAALLADHDVFVTDWIDARLVPLACGRFDLDDYIDTVVTELIRFLGPQTHVIAVCQPAVPVLAAVSLMAAGDEAVQPRSMTLMGGPIDPMANPTVPVKLAATHPLSWFERNVITTVPAYYPGGFRQVYPGFIQLSGFMSMNLDRHIGEHVGLFRHLVRGDGDSAVQHRRFYDEYLSVMDLSAEFYLQTIETVFHKHSLANGTMESRGRKVEPAAIRRTAVMTVEGELDDISAPGQTESAHRLCASLPDDMRARHFQKGVGHYGIFNGRRWRESIMPAVREFIRKHD,[*]OC(C)CC(=O)[*].[*]OC(C)CC(=O)[*],35,603
P(3HB-co-3MP)_PHA,,PHA_depolymerase,MRSIRLKRLIAAVALGGAAAATQAASPLPRLNVDKTQISVSGLSAGGFMANQLGYAYSGTFMGVGIFAGGPYMCAGHSNYTSCMYNATITSSMRSAMQASIDNWSGAHIDPKAHVANQRVFLFVGNSDTTVGPNPMDAVHAQYQHNGVRRTARVRGRNSTAHVFPTDFDATGNNACNSTASPYIANCGYDGAKAVLSRIYGTLQPRNDAPAGANYIEFDQTAFTNNPGMASTGWVYVPANCAAGAQCRLHVALHGCQQSTGHIGDRFVKNTGYTRWADTNNIIVLFPQAKTDNTPRNTAASGMLPNPNACWDWVGWYGSNFAQKTGTQAAAIKAMVDHVASARPRLRLPAPTGVQTSGATSSSMVISWAAVQGAAGYNVYRDGTKVNATAVSGTSYTDNGLSPGTTYQWTVRAVNAQGPRPAVGPATGTTTGTAAVCFTSSNYAHVSAGRAYVSMGYTYANASHQNMGLWNVFVTTTLKQTGPNYYVIGTCP,[*]OC(C)CC(=O)[*],17,492
PEG,,PEG_dehydrogenase,MCLVTLYRCTPIWVRNRGMHKFDFVVVGAGSAGCTVASRLSENGKYQVALLEAGGSHNNPLISIPFNFAFTVPKGPHNWSFETVPQEGLNGRRGYQPRGKVLGGSSSINAMVYIRGAKEDYEHWAALGNEGWSYEEVLPFFKKAQNRVKGANEYHAQGGPLTVSPPRSPNPLNDMFIKAGMDCQLPYNEDFNGETQEGIGCYELTQDRGKRCSAALAYVTPAEKRKNLTIFKQAFVEKVLVENGQATGVMVKLNGNLQLIKARREVILSCGAFQSPQLLLLSGIGAKDKLDPHKIKVVHELPGVGENLYDHVDFCLMYQSDSEHVLGKNARSVFRVAWNQFKYFAGRRGILTTNFNESGAFYFTNPDERSPDIQLHFAFTLVDQHGLKRHGRGGFGCHVCVLRPKSHGNLTLADANPATPPLIDPAFLKDERDVATLLAGVKRAQQILQAPAFDEIRGKPVYATASNNDDELIEDIRNRADTIYHPVGTCKMGPDSDPMAVVDSSLRVRGIRNLRVIDASIMPSIVSGNTNAPTIMIGEKGAQMILDEAESYT,OCCO,4,553
PVA_O-PVA,,PVA_hydrolase,MFKPVVKSRSSRSFCYLAGCLAMVAATLSSTAQAKSEWACPEGFTPKAGLNTDFPSDGKKRAFVVVPPKDSAGGAPVWVPMVGTVEATNWNLNVPRSGNNAKLAEHGYMVISPVRQCAEQDPNLGAGACNGVGKDGWTWNPWNDGRAPDASGDKYKTDAGDDVRFLEAMVRCVGTKWKLDRKRLFLGGISAGGTMTNRALLFDSEFWAGGMPISGEWYSTKDDGSTVPFQETRKMVAAAPAKIWQGRVGPYPLPSKLDPMVVITVWGGEKDLWDCGPPLGLCSDYRPTTQASSNYFSSISNVVHVACSATHGHMWPQVNTDAFNLWALNTMASHPKGSSPKDFKLTAPPEGYSCKIGRFTDHYK,CCO,3,364
PEG,,PEG_aldehyde_dehydrogenase,MKEYPNLYIGGQWVSPHSDNMSTVINPSTEEVCAKIASGDKADVDAPVRAAREAFDSFWQSSRESRVKLLRDVVAGIQSRADEFAEAINQEMGAPLWWAQQAQVPAGIAHFATAADVLEKFKFVEAKGTTHLRREAIGVCGMITPWNWPLNQVACKIAAALAVGCTVVLKPAEQTPLDSILLAEVIDAAGAPPGVFNLVTGSGSVVGSALSDHPEVDMVSFTGSTRAGAMVAKAAADSIKRVSQELGGKSVNLVLPDADLQESVVRAVRSLMSNAGQTCSAGSRLLVPADRQEEAIAIAKQTAESIPVALSADADAPAIGPISTQRQYEQVKKLIGVGIDEGATLVTGGVESPSGATKGFFVKPTIFANVNNAMAIAQEEIFGPVLVIIAYEDVDQAVQIANDSPYGLSGYVQGPHEQAVEVASSIRTGQVFINNAHADFNAPFGGFKQSGNGREWGEVGFDEFLEY,OCCO,4,467
PCL_PHA_PHBV_PHPV,,MCL_PHA_depolymerase,MLAPRSLLFCLLLFALPNAFADSRCSERAKTLLLPAKVSCSYKTTWIDSGLIGARQVIYQAPLGTPPAGGWPVVLIYQGSFFPLNNFTYYSNQPFGGYYEGKLVRALLDSGYAVIAPSAPADLFWQTNIPGLAQAYELTTDYDFLGNVFDAIASGHFGPLNSQRKYATGISSGGYNTSRMAVSFPGQFKALAIQSGSYATCSGPLCVVPDQLPADHXPTYFLHGFVDLTVPWWSMDLYYDRLLQQGIETARYTEPLGGHEWFAASPGKVLAWFNAHP,[*]OCCCCC(=O)[*].[*]OC(C)CC(=O)[*],34,277
PBS_PCL_PHB_PLA_PHA,,Cutinase,MLVSALALAVLSAASLGRAAPTPESAEAHELEARATSSACPQYVLINTRGTGEPQGQSAGFRTMNSQITAALSGGTIYNTVYTADFSQNSAAGTADIIRRINSGLAANPNVCYILQGYSQGAAATVVALQQLGTSGAAFAVKGVFLIGNPDHKSGLTCNVDSNGGTTTRNVNGLSVAYQGSVPSGWVSKTLDVCAYGDGVCDTAHGFGINAQHLSYPSDQGVQTMGYKFAVNKLGGSA,[*]OCCCCOC(=O)CC(=O)O[*].[*]OCCCCC(=O)[*].[*]OC(C)CC(=O)[*].[*]OC(C)C(=O)[*].[*]OC(C)CC(=O)[*],94,238
PHB_PHA,,PHB_depolymerase,MKRLFIAGMIFMLFFSLGAVSSSAAGSFTSKTYNGRTYKLYVPSSYQGGAALPLVVMLHGCTQDPDQFAAGTQMNALAETEKFLVLYPEQPSSANSNKCWNWFDTAHQSRGSGEPALIAGMVNQIKSSYSIDADQVFVGGLSAGAAMSVIMGATYPDIFAAISVGAGLEYKAATSVTGAYTAMSSGGPNPIQQGDLAYSAMGEHKRVVPVILFHGTADYTVAPINAHQILSQWAQTNDRASDGLDNNNIDDTADQTLPGTVSGGRSYTQYIYKDTAGKTVMEKYMIEGMGHAWPGGSTSGSYTDPKGPNATTLSWNFFKSHPKNSDAPNPGDISPPVTAASPAGGTYGSSVSVTLSTNEPATTYYTLDGSTPTVNSLKYSEPISINSSKTIKFFSVDAAGNQEGVKTEVYQISGTSEKSSVFSSLAAEDGFIGNLSADGMSSSIHKIGDKGMYNTDTYRTILSFDTSSLPDDAIITDVSLKIYRKSSTGNISSLKGDIKTGVFGTSSALEQIDYQASPSISAAFQMSVPSLDNGYTTIQLPSSLLGYMNRNGKTQFRLSSSGSADFLSDVVEIYGGDNPAYAPTLTVSYK,[*]OC(C)CC(=O)[*].[*]OC(C)CC(=O)[*],35,590
PU,,Polyurethanase,MGVFDYKNFTASDSKALFSDALAITLYSYHNIDNGFAEGYQHNGFGLGLPATLVTALIGSGNSQGVIPGIPWNPDSEKAALDALHQAGWSTISAQQLGYDGKVDGRGTFFGEKAGYGTAQVEILGKYDAQGHLESIGIAFRGTSGPRESVISDTIGDVINDLLAALGPKDYAKNYAGEAFGKLLGDVAAFAQANGLSGKDLVSGHSLGGLGVNSLADLSSERWSGFYKDSNYIAYASPTQSASDKVLNIGYENDPVFRALDGSTFNLSSLGVHDAHQDSATNNIVNFNDHYASTLWNVLPSSILNIPTWLSHLPTGYGDGLSRVLESKFYDFTSKDSTIVVANLSDPARASTWVQDLNRNAETHKGSTFIIGSDGNDLIQGGSGNDYLEGRAGNDTFRDSGGYNIILGGQGSNTLDLQQSVKNYSFASDGAGTLYLRDANGGISMTRDIGAIQSKEPGFLWGLFKDDVIHQVTDQGLKAGGQLTQYASSVRGDAGDNVLKAHAGGDWLFGLDGNDHLIGGQGNDVFVGGAGNDLMEAGGGNNTFLFTGHFGQDRILGYQGGDKLVFMGVSGVLPDQDYRAHASSSGNDTVLTFGQDSVTLVGVSLEHLNGSGIVLA,[*]OCCOC(=O)NCCCCCCN(=O)OCCO[*],31,616
Nylon,,Nylon_Oligomer_Degrading_Enzyme,MLRFDFPGVSIGAAHYEEGPTGATVIHIPAGARTAVDARGGAVGLSGGYDFNHAICLAGGAGYGLEAGAGVSGALLERLEYRTGFAELQLVSSAVIYDFSARSTAVYPDKALGRAALEFAVPGEFPQGRAGAGMSASAGKVDWDRTEITGQGAAFRRLGDVRILAVVVPNPVGVIVDRAGTVVRGNYDAQTGVRRHPVFDYQEAFAEQVPPVTEAGNTTISAIVTNVRMSPVELNQFAKQVHSSMHRGIQPFHTDMDGDTLFAVTTDEIDLPTTPGSSRGRLSVNATALGAIASEVMWDAVLEAGK,NCCCCNCCCC(=O)O,15,306
Nylon,,Nylon_Oligomer_Degrading_Enzyme,MNARSTGQHPARYPGAAAGEPTLDSWQEAPHNRWAFARLGELLPTAAVSRRDPATPAEPVVRLDALATRLPDLEQRLEETCTDAFLVLRGSEVLAEYYRAGFAPDDRHLLMSVSKSLCGTVVGALIDEGRIDPAQPVTEYVPELAGSVYDGPSVLQVLDMQISIDYNEDYVDPASEVQTHDRSAGWRTRRDGDPADTYEFLTTLRGDGGTGEFQYCSANTDVLAWIVERVTGLRYVEALSTYLWANVDADRDATITVDQTGFGFANGGVSCTARDLARVGRMMLDGGVAPGGRVVSQGWVESVLAGGSREAMTDEGFTSAFPEGSYTRQWWCTGNERGNVSGIGIHGQNLWLDPRTDSVIVKLSSWPDPDTRHWHGLQSGILLDVSRALDAV,NCCCCNCCCC(=O)O,15,392
Nylon,,Nylon_Oligomer_Degrading_Enzyme,MNARSTGQHPARYPGAAAGEPTLDSWQEAPHNRWAFARLGELLPTAAVSRRDPATPAEPVVRLDALATRLPDLEQRLEETCTDAFLVLRGTEVVAEYYRAGFAPDDRHLLMSVSKSLCGTVVGALVDEGRIDPAQPVTEYVPELAGSVYDGPSVLQVLDMQISIDYNEDYVDPASEVQTHGRSAGWRTRRHGDPADTYEFLTTLRGDGSTGEFQYCSANTDVLAWIVERVTGLRYVEALSTYLWAKLDADRDATITVDTTGFGFAHGGVSCTARDLARVGRMMLDGGVAPGGRVVSEDWVRRVLAGGSHEAMTDKGFTNTFPDGSYTRQWWCTGNERGNVSGIGIHGQNLWLDPLTDSVIVKLSSWPDPDTEHWHRLQNGILLDVSRALDAV,NCCCCNCCCC(=O)O,15,392
PLA_PBS_PBSA_PCL_PES_PHB_PHA,,PLA_depolymerase,MEMVKGVHLAIAALLFLCVLPGNADASEKQFDLVLVHGLTNKHRWSDSFLRALVNEWGSGNVYVIYTNQSMQVSKRTIDGKTITFIGKNDFSAGDDSVKDQAEIMAEKIEVLKRDHGLSPQFYIIAHSMGGLVSRQYIYDHPNTVAGLVTLGTPHHGSPLASDFDWLGFFIGAEAAMDNLRPEWVEDFNRRFPVENAPLYNGGKIYTIRGDSDGKIWEWGAMGELYVGWHILHKKHGTDSDGLVPHASAVIEGAVHLADFPNYHHLDLVTREEVAKKAAEVLR,[*]OC(C)C(=O)[*].[*]OCCCCOC(=O)CC(=O)O[*].[*]OCCCCOC(=O)CC(=O)O[*].[*]OCCCCC(=O)[*].[*]OCCOC(=O)CC(=O)O[*].[*]OC(C)CC(=O)[*].[*]OC(C)CC(=O)[*],142,283
PBS_PBSA_PCL_PES_PLA_PHA,,PLA_depolymerase,MHESVHAESLWLTMDDGAEVYVRVWEPAARAAADSSDDAPAPPAAAGGPRAVLQLAHGMTEHSGRYDDFARFLAGRGFAVVGNDHRGHGHTGERADSMGYLADQDGFERLVDDLRAVHEWACRRWPGAPRFLMGHSMGSFLVRRYIQRYGDTVAGVIIMGTAGNPGLPGKIGRRLARLEMRRRGPRHPSMLLTSLVFGGYNKKIRSPKTAFDWLSRDAEAVKAYVADPWCGFVPSAGFYFDLLTGLLLIHDEREIARIPKDLPMLFLSGDADPVTGYGKGVERVIAQYERHGLRRMTSILYKDARHELLNELNKEEVYGDILKWLENTQAGILRNLSK,[*]OCCCCOC(=O)CC(=O)O[*].[*]OCCCCOC(=O)CC(=O)O[*].[*]OCCCCC(=O)[*].[*]OCCOC(=O)CC(=O)O[*].[*]OC(C)C(=O)[*].[*]OC(C)CC(=O)[*],124,338
PBS_PBSA_PCL_PES_PHB_PLA_PHA,,PLA_depolymerase,MLLKKRWLIFISFLLAFTLLIPTAASASEKHYKPNIALEPIENSEGNEHPIILVHGLGGFGRDELGGIIKMWGGIHDIEKKLREKGYKVYTAAVGPVSSNRDRAIELYYQIKGGTVDYGEAHAKKYGHDRYGRTYPGFYPEWGEINPKTGKPNKVHLIGHSMGGQTIRTLAQLLYEGDPEEHKTGGNDISPLLSGEKQPWLHSVLSISSPHDGSTATYLVNDVIPIIQELVIGAAIFAGNIDQNLYDFKLDHWGIKKRPGESFHSYVQRVRNSPGWKTKDTANWDLKPEGAYELNRWVKAQPDVYYFSVSNTQSRRSLLTGYYVPDLFMNPFLHPTAYYIGSKTFRKSNFVLDKTWWENDGLVSVKAMKGPNIGSNDVIVEYNGTPRKGVWNHLGTMRQFDHLDIIGWGVRDVTSWYEDVARFLYSLPDDY,[*]OCCCCOC(=O)CC(=O)O[*].[*]OCCCCOC(=O)CC(=O)O[*].[*]OCCCCC(=O)[*].[*]OCCOC(=O)CC(=O)O[*].[*]OC(C)CC(=O)[*].[*]OC(C)C(=O)[*].[*]OC(C)CC(=O)[*],142,431
PLA,,PLA_depolymerase,SFLLAFTPFVPTATASASEKNYQPNINLEPIQNSEGNEYPIILVHGLGGFGRDELGGIIKMWGGIHDIEKKLREKGYKVYTAAVGPVSSNRDRAIELYYQIKGGTVDYGEAHAKKTGHSRYGRTYPGFYPEWGEINPKTGKPNKVHLIGHSMGGQTIRTLAQLLYEGDPEEQKISGNDISPLLSGEKQPWLHSVLSISSPHDGSTATYLVNDVIPIIQELVIGAAIFAGNIDQNLYDFKLDHWGIKKQPGESFHSYVQRVRNSPGWKTKDTANWDLKPEGAYELNRWVKAQPDVYYFSVSNTQSRRSLLTGHYVPDLFMNPFLHPTSYYIGSKTFRKSNFVLDKTWWENDGLVSVKAMKGPNIGSNDVIVEYDGTPRKGVWNHLGTMRQFDHLDIIGWGVRDVTGWYEDVARFLYSLPE,[*]OC(C)C(=O)[*],16,419
PBSA,,Lipase,MNLVGHSQGGLTSRYVAAVAPDLVASVTTIGTPHRGSEFADFVQSVLAYDPTGLSSSVIAAFANVFGILTSSSNNTNQDALAALKTLTTSQAATYNQNYPSAGLGAPGSCQTGAPTETVGGNTHLLYSWAGTAIQPTISAFGVTGATDTSTIPLIDPANALDLSTLALFGTGTVMINRASGQNDGLVSKCSALYGKVLSTSYKWNHLDEINQLLGVRGANAEDPVAVIRTHANRLKLAGV,[*]OCCCCOC(=O)CC(=O)O[*],24,240
PHB_PHBV_PHA,,PHB_depolymerase,MPFHRFLLAAALASAGMAQAAAPLGQYNIDTGKISVSGLSSGGFMANQLGNAYSSTFMGVGVFAAGPYMCAGHNNYTACMYNASISASQQSAMQGSIDSYSANGTIDGKSGIAAQKIYIFTGTSDYTVGPNLTDALQTQYLNNGVPAGNITYVKRSGTAHVLPTDFDSTSNNACSSSTSPFISNCGYDGAGAVLSHFYGALNARNNAPAAANYIEFDQSAYTAGNPGMAANAWLYVPASCASGAQCKLHVVLHGCQQSTDKIGDKFVKNTGYSRWADTNQIILLFPQTRIDNTSRSTAKSGSLANPNACWDWIGWYGGNFAHKSGAQMAAIKAMVDRIASGAGSGDGGGTTPPNDPVLPAPTGLSLSGATATSMNLAWNAVAGASGYNVYRNGNKANALTVYATSYTDSALTASTTYSWAVRAVDANGAEGDASNAVSGTTLAPTQSPGTCTTASNYAHTQAGRAYQQGGYTYANGSGQSMGLWNVFVTTTLKQTATNYYVIGTCP,[*]OC(C)CC(=O)[*].[*]OC(C)CC(=O)[*],35,506
PCL,,Esterase,MSVTTPRREASLLSRAVAVAAAAAATVALAAPAQAANPYERGPNPTESMLEARSGPFSVSEERASRLGADGFGGGTIYYPRENNTYGAIAISPGYTGTQSSIAWLGERIASHGFVVIAIDTNTTLDQPDSRARQLNAALDYMLTDASSSVRNRIDASRLAVMGHSMGGGGTLRLASQRPDLKAAIPLTPWHLNKSWRDITVPTLIIGADLDTIAPVSSHSEPFYNSIPSSTDKAYLELNNATHFAPNITNKTIGMYSVAWLKRFVDEDTRYTQFLCPGPRTGLLSDVDEYRSTCPF,[*]OCCCCC(=O)[*],16,296
PCL,,Esterase,MSVTTPRRETSLLSRALRATAAAATAVVATVALAAPAQAANPYERGPNPTESMLEARSGPFSVSEERASRFGADGFGGGTIYYPRENNTYGAIAISPGYTGTQSSIAWLGERIASHGFVVIAIDTNTTLDQPDSRARQLNAALDYMLTDASSAVRNRIDASRLAVMGHSMGGGGTLRLASQRPDLKAAIPLTPWHLNKSWRDITVPTLIIGAEYDTIASVTLHSKPFYNSIPSPTDKAYLELDGASHFAPNITNKTIGMYSVAWLKRFVDEDTRYTQFLCPGPRTGLLSDVEEYRSTCPF,[*]OCCCCC(=O)[*],16,300
PBSA,,Lipase,MVRSMRSRVVAAAVACAMSGAQFAGTTAVMTLATTHAATAATAATAATAATDDYAATRYPVVLVHGLTGTDKYAGVLEYWYGIQEDLQRHGATVYVANLSGFQSDDGPNGRGEQLLAYVKTVLAATGATKVNLIGHSQGGLTSRYVAAVAPDLVASVTTIGTPHRGSEFADFVQSVLAYDPTGLSSSVIATFFNVFGILTSSSNNTNQDALAALKTLTTSQAAAYNQNYPSAGLGAPGSCQTGAPTETVGGNTHLLYSWAGTAIQPTVSMFGVTGAKDVSTIPVIDPANALDLSTLALLGTGTVMINRGAGQNDGLVSKCSALYGQVLGTRYKWNHLDEINQLLGVRGAYAEDPVAVIRTHANRLKLAGV,[*]OCCCCOC(=O)CC(=O)O[*],24,370
PET,,Cutinase,MANPYERGPNPTDALLEARSGPFSVSEENVSRLSASGFGGGTIYYPRENNTYGAVAISPGYTGTEASIAWLGERIASHGFVVITIDTITTLDQPDSRAEQLNAALNHMINRASSTVRSRIDSSRLAVMGHSMGGGGSLRLASQRPDLKAAIPLTPWHLNKNWSSVRVPTLIIGADLDTIAPVLTHARPFYNSLPTSISKAYLELDGATHFAPNIPNKIIGKYSVAWLKRFVDNDTRYTQFLCPGPRDGLFGEVEEYRSTCPF,[*]OCCOC(=O)c1ccc(cc1)C(=O)O[*],31,262
PET,,Cutinase,MANPYERGPNPTDALLEARSGPFSVSEERASRFGADGFGGGTIYYPRENNTYGAVASPGYTGTQASVAWLGERIASHGFVVITIDTNTTLDQPDSRARQLNAALDYMINDASSAVRSRIDSSRLAVMGHSMGGGGTLRLASQRPDLKAAIPLTPWHLNKNWSSVRVPTLIIGADLDTIAPVLTHARPFYNSLPTSISKAYLELDGATHFAPNIPNKIIGKYSVAWLKRFVDNDTRYTQFLCPGPRDGLFGEVEEYRSTCPF,[*]OCCOC(=O)c1ccc(cc1)C(=O)O[*],31,261
PET,,Cutinase,MANPYERGPNPTDALLEASSGPFSVSEENVSRLSASGFGGGTIYYPRENNTYGAVAISPGYTGTEASIAWLGERIASHGFVVITIDTITTLDQPDSRAEQLNAALNHMINRASSTVRSRIDSSRLAVMGHSMGGGGTLRLASQRPDLKAAIPLTPWHLNKNWSSVTVPTLIIGADLDTIAPVATHAKPFYNSLPSSISKAYLELDGATHFAPNPNKIIGKYSVAWLKRFVDNDTRYTQFLCPGPRDGLFGEVEEYRSTCPF,[*]OCCOC(=O)c1ccc(cc1)C(=O)O[*],31,261
PHB_PHA,,PHB_depolymerase,MKNPFAHGSLPPIPLPDLTEATRLTRSGRLGEATALIGRLLGRGQPEATPPFEPSPLTPPTIDGEAIEITPRPGGAPRPQAPPAGRGAFLALTHRGPAGTRDYKLFVPPGSGDSSLPLILMLHGCTQDPDDFAAGTGMNKLAEEAGCLVAYPRQPASANPSKCWNWFNDENQHRGQGEAALLAELTRAIIGERRVDPARVYVAGLSAGGAAAAILAVTYPDLFAAVGVHSGLACGAARDMASAFAAMRQGGATVRPAPSAIPAIVFHGDRDTTVHPGNGDSLVSQFTADRSGLRETSQTGRAPGGHGYRRTLHSAADGTVLCEQWTIQGGGHAWSGGQPAGSFTDPRGPDASAEMLRFFLAQCHPGLGAKAPC,[*]OC(C)CC(=O)[*].[*]OC(C)CC(=O)[*],35,373
PE,,Alkane_hydroxylase,EHIRGHHVHVSTPEDASSSRFGQSLYAFLPHAYKHNFLNAWRLEAERLHRRGLPALHWRNELIWWYAISALLLLGFSLAFGWLGALFFLGQALMAFTLLEIVNYVEHY,[*]CC[*],8,108
PHA,,MCL_PHA_depolymerase,MKKLLAGVFGVVAMSLSAQAAKKASNCEVTGLVDRMTCPYLEKLVSGPHLTRHVKYSLPKGKTPKAGWPTVILYQGSLFPVEFSRSSLMIAGGYNEIRLIQTLLDSGFAVIAPPAIEGVAWMTNIVGIDYDTSEDFYFVEELLVAMGNGEFGKLNMDRLYATGISSGGYHSSRMAVAFPGVFKALAVHSASYADCGGPMCFVPAQVPENHPPTIFLHGRLDPVVPVRTMYPYHETLKNQGVETEMFVSPWARHEWLEEAPELITNWFINHK,[*]OC(C)CC(=O)[*],17,271
PHB_PHA,,PHB_depolymerase,MTKQSLPQGMADQRLCRFFTAALCSLLMILLWPTTVTAGQTFSYTSPQQAYSGSRERSYKVYVPTGLSTPAPMVMALHGCRQTNDDVLNDWGLKAAADRYGFILVAPFITSYDGLRNENCWGFWFEQHIHQGGGEVADLHRIAQQVEANFVIDANRRFITGLSSGGAMSLVAAVAYNEYWAAAAPAAGLPYRETASSVSLSGQCPGSATFRSVSQVAADMRSEVNDAYPIPLMVLQNRNDCTVLQTAANNMRDAHLQVFGSASRNTPATTQASDTGCSPYHQNDYGCRHIAYTQDGTTATRSLVETVIYDGPLATPNPQDTNHGHYWIGGAQGNNGKWSLQVGPSYPDIIWDFFSRHSRDGSQPQGHPVIVLQGDNPLSVPLGSTFNDPGASASDAEDGSLPVSAECSAVNPSVVGSCSCLYSATDSDGNRSTLTRTVEVYDPNAPVETCQVVSASPSVHIGAGRAYAGGTSNLRAYAKDDGVDIGGSFDTWSNVPLYEGEPGRWYAQRPAACGGSGQAFTCQEWNASNLSHVMAGRAYYGYYTVGGNQYLGSLSGLSTWVRETAQGHFQAGRCSN,[*]OC(C)CC(=O)[*].[*]OC(C)CC(=O)[*],35,576
PHB_PHA,,PHB_depolymerase,MQPPPFRGILTPLFPLSSSPPVGSLSRPGRRGVLTRLVAVVALVLGAALLGPAPTAHAAAGLAKPGLTKADLTEVADFGTNPGRLNMYVYRPASLPAEPAVVFALHGCTQDAQGYADNSGLLSFADRYGFLLVFAETTSSNNANRCFNWFQSSDNRRGQGEAASIRQMAAHTVSAYGADPQRTYITGLSAGGAMTSVMLATYPDVFQAGAVVAGLPFGCATDVSSAYLCMNPGTDLTADQWARRVRDGYPSWSGPWPRVAIWHGDKDTTVAPRNADELRDQWTAVHGVSQTPDRTSVIGPNSTRHEEYLAADGSVAVEVNRVPGIGHGTPVDPGTGAQQCGSTGAAYFLDSICSSYWITQFFGLSGSASDPGSLPAPSGLAATGATDTTISLTWKPVDGATDYAVHRDGAQITTSATTSYTDTGLRAGTSHTYAVAARDADGKAGPLSGAVTAQTTGATAVCWTAGNYAHVQAGRATTSAGYTYAKGSGQNMGLYNTFVTTTLKESPTGYFTVANDTCP,[*]OC(C)CC(=O)[*].[*]OC(C)CC(=O)[*],35,519
PCL,,Chitinase,MTASTTRQRISARRLGLRRATLGVATAGLVAAMFTAASAQAATGPVAGSTHVSASAAGSDTIQANFVVSEAQFNQMFPNRNPFYTYQGLVDALSAFPGFANTGDDTTKKQEAAAFLANVNHETGGLQYVVEQNTANYPAYCDWSQPYGCPAGQDAYYGRGPIQLSWNFNYKAAGDAIGVDLLNNPWLVENDPAIAWKTGLWYWNTQSGPGTMTPHDAMVNHAGFGQTIRSINGSLECDGRNPAQVQSRVDAYQRFTSILGVAPGDNLYC,[*]OCCCCC(=O)[*],16,269
PHB_PHA,,3HB_oligomer_hydrolase,MAVQFFQAEDGARLAYRDEGEGLPVLALPGLTRTGRDFDYLAPHLPGVRLIRPDYRGRGDSDWTGSDSYTVPQEARDVLVLLDHLGVAQAAVLGTSRGGIIGMLLAATARERLLGLCLNDVGPVLQRSGLERIFDYVGRNPAAKNLEDLAQRLPAAMPGFANVPASRWLEEAARHYVETPSGLSVNYDPALREAFLAAFDGPEVDLWPLFDATQGLPLALIRGANSDLLSHETATEMQRRRPDMILAEARDRAHVPFLDEPESLAAIHAWLAAMR,[*]OC(C)CC(=O)[*].[*]OC(C)CC(=O)[*],35,275
P3HV_PHBV_PHA,,3HV_dehydrogenase,MFEKFLSGKTAVVTGSNSGIGLGIAHELARAGADLVLNSFTDMPEDHALAESLAAEHGVEVRYVQADMSKGADCRALIEKAGACDILVNNAGIQHVAPIPDFPGEKWDAIIAINLSSAFHTTAAALPLMRKAGWGRVINIASAHGLTASEYKSAYVAAKHGIVGLTKVTALETAKEPITCNAICPGYVLTPIVEKQIPDQMKTHNMSREDVIAKVMLQRQPSGQFATVEQMGGTAVFLCSPAAEQITGTTISVDGGWTAL,[*]OC(C)CC(=O)[*],17,260
PHB_PHA,,PHB_depolymerase,MGELVMIKPATMEFVSLSNGETIAYQEVGRRNTDILVLIHGNMTSSQHWDLVIEKLQDQYHIYALDLRGFGQSTYNQSIDSLQDFAEDVKLFIDELKLEKFSLMGWSMGGGVAMQFTANHPTFVEKLILVESVGMKGYPIFKKDTNGQPIVSSLVKTKEEIAQDPVQIAPVLDAIKNMNKLYYRTVWNLLIYTHNQPEPDRYEKYLDDMLTQRNFVDVNYALITFNISDEHNGVVGGSKQIHRIKAPTLVIQGDRDYVVPQVVGEELAKHLPNAELKVLEDCGHSPFIDCLDVFIKHVEDWLEQK,[*]OC(C)CC(=O)[*].[*]OC(C)CC(=O)[*],35,305
PET,,Cutinase,MRGVWRYMPVYYYKCMLIPLLTFTKISIISKPQESRISLIICRTMPTVATFLGLAISGAAMASGAALGAYNVDPNSISVSGLSSGGFMSAQLGVAYSDTFKVGFGVFAGGPYDCARGQSYTTCMYNQNPSITTPVANMKSWSGNKINPVSNLQSRKIYMWTGTADTTVGPNVMSQLKTQLANFASAANVSYITTSGAAHTFPTDFDAAGDNSCSSSVSPYISNCQCDGAGAVLQWMYGPLNARNPGTLSGSIVSFSQTGEYGASGMDTTGYLYVPRACQPGSSTVCKLHVALHGCKQSYSMIGSKFVSNTGYNMWADTNDIIILYPQAVADNTMHTIWTGMPLPNPNGCWDWVGWYGANADQVGGVQMAAIVNQVARVVSGYGAGSSSSTTAATPTTTTGSITTTTTTTATVTTTAVAPLYGQCGGIGWTGPTACATGVCTAYSPYYAQCLLIV,[*]OCCOC(=O)c1ccc(cc1)C(=O)O[*],31,454
PBAT_PBS_PBSA_PCL_PET_PHB_PLA_PHA,,Cutinase,MRIRRQAGTGARASMARAIGVMTTALAVLVGAVGGVAGAEVSTAQDNPYERGPDPTEDSIEAIRGPFSVATERVSSFASGFGGGTIYYPRETDEGTFGAVAVAPGFTASQGSMSWYGERVASQGFIVFTIDTNTRLDQPGQRGRQLLAALDYLVERSDRKVRERLDPNRLAVMGHSMGGGGSLEATVMRPSLKASIPLTPWNLDKTWGQVQVPTFIIGAELDTIASVRTHAKPFYESLPSSLPKAYMELDGATHFAPNIPNTTIAKYVISWLKRFVDEDTRYSQFLCPNPTDRAIEEYRSTCPY,[*]OCCCCOC(=O)CC(=O)O[*].[*]OCCCCOC(=O)CC(=O)O[*].[*]OCCCCC(=O)[*].[*]OCCOC(=O)c1ccc(cc1)C(=O)O[*].[*]OC(C)CC(=O)[*].[*]OC(C)C(=O)[*].[*]OC(C)CC(=O)[*],151,304
PCL_PET,,Cutinase,MLPAGQDAAALEARQLGGSITRNDLANGNSGSCPGVIFIYARGSTESGNLGTLGPRVASKLEAKYGKNGVWIQGVGGAYRATLGDNALPRGTSSAAIREMLGHFSDANQKCPDAVLIAGGYSQGAALAAASVTDVDAGIREKIAGAVLFGYTKNLQNRGKIPSYPEDRTKVFCNTGDLVCTGSLIVAAPHLAYQSAASGAAPEFLIQKADAAGAAAAALEHHHHHH,[*]OCCCCC(=O)[*].[*]OCCOC(=O)c1ccc(cc1)C(=O)O[*],48,226
PU,,Polyurethanase_A,MGVFDYKNFTASDSKALFSDALAITLYSYHNIDNGFAEGYQHNGFGLGLPATLVTALIGSGNSQGVIPGIPWNPDSEKAALDALHQAGWSTISAQQLGYDGKVDGRGTFFGEKAGYGTAQVEILGKYDAQGHLESIGIAFRGTSGPRESVISDTIGDVINDLLAALGPKDYAKNYAGEAFGKLLGDVAAFAQANGLSGKDVLVSGHSLGGLGVNSLADLSSERWSGFYKDSNYIAYASPTQSASDKVLNIGYENDPVFRVLDGSTFKLSSLGVHDAHQDSATNNIVNFNDHYASTLWNVLPFSILNIPTWLSHLPTGYGDGLTRVLESKFYDFTSKDSTIVVANLSDPARASTWVQDLNRNAETHKGSTFIIGSDGNDLIQGGSGNDYLEGRAGNDTFRDSGGYNIILGGQGSNTLDLQQSVKNYSFASDGAGTLYLRDANGGISMTRDIGAIQSKEPGFLWGLFKDDVIHQVTDQGLKAGGQLTQYASSVRGDAGDNVLKAHAGGDWLFGLDGNDHLIGGQGNDVFVGGAGNDLMEAGGGNNTFLFTGHFGQDRILGYQGGDKLVFMGVSGVLPDQDYRAHASSSGNDTVLTFGQDSVTLVGVSLEHLNGSGIVLA,[*]OCCOC(=O)NCCCCCCN(=O)OCCO[*],31,617
PU,,Polyurethanase_B,MSIFDYKTALGGDGKALYSEAITLALYASTPTGEALPGTAWRPISASQLGYQGNVSAQGTISGEQAIVSDAQVEVLGKYDASGQLLSIGISFRGTDSLKDGINDLQAAFVSGFADNYSRLAFDNLLGKVAAFAAAQGLSGSDVLVTGHSLGGLGVNSLAAMSSDHWGGFYQDASYVAFASPTQSANSSQVLNIGYENDPVFRALDGTHFNASSLGTHDKPQESATNNIVSFTDHYSSFLGKLIPQSILNPQSWSAHSAVDYAGGLNRLINSDFYDLTSRDSTVVISNLSEGKRDQVWVKDLNLYAEKHTGSTFIIGTQSNDLLHGGKGNDYLDGGAGDDRFRDDGGYNIIHGGQGHNVLELQQPLKNFSIANDGDGTLYIRDAYGGISMTRDVGALVSHETGSWWQLFGKDVSHSVTADGLQNGNQWTAYNHSLNGDAYGNALVASVDGDWLFGHGGDDLLSSDKANVTFVGGTGNDVMHSSGGGGNTFLFSGNFGFDLIHGYQNTDKLVFMGVPGVDAHYDYSQHLSQNGNDTLLSVGEFSVTLVGVGMDSLSGSGLVFA,[*]OCCOC(=O)NCCCCCCN(=O)OCCO[*],31,561
PET_PEF,,PETase,MNFPRASRLMQAAVLGGLMAVSAAATAQTNPYARGPNPTAASLEASAGPFTVRSFTVSRPSGYGAGTVYYPTNAGGTVGAIAIVPGYTARQSSIKWWGPRLASHGFVVITIDTNSTLDQPSSRSSQQMAALRQVASLNGTSSSPIYGKVDTARMGVMGWSMGGGGSLISAANNPSLKAAAPQAPWDSSTNFSSVTVPTLIFACENDSIAPVNSSALPIYDSMSRNAKQFLEINGGSHSCANSGNSNQALIGKKGVAWMKRFMDNDTRYSTFACENPNSTRVSDFRTANCS,[*]OCCOC(=O)c1ccc(cc1)C(=O)O[*].[*]OCCOC(=O)c1ccoc1C(=O)O[*],60,290
PET,,MHETase,MQTTVTTMLLASVALAACAGGGSTPLPLPQQQPPQQEPPPPPVPLASRAACEALKDGNGDMVWPNAATVVEVAAWRDAAPATASAAALPEHCEVSGAIAKRTGIDGYPYEIKFRLRMPAEWNGRFFMEGGSGTNGSLSAATGSIGGGQIASALSRNFATIATDGGHDNAVNDNPDALGTVAFGLDPQARLDMGYNSYDQVTQAGKAAVARFYGRAADKSYFIGCSEGGREGMMLSQRFPSHYDGIVAGAPGYQLPKAGISGAWTTQSLAPAAVGLDAQGVPLINKSFSDADLHLLSQAILGTCDALDGLADGIVDNYRACQAAFDPATAANPANGQALQCVGAKTADCLSPVQVTAIKRAMAGPVNSAGTPLYNRWAWDAGMSGLSGTTYNQGWRSWWLGSFNSSANNAQRVSGFSARSWLVDFATPPEPMPMTQVAARMMKFDFDIDPLKIWATSGQFTQSSMDWHGATSTDLAAFRDRGGKMILYHGMSDAAFSALDTADYYERLGAAMPGAAGFARLFLVPGMNHCSGGPGTDRFDMLTPLVAWVERGEAPDQISAWSGTPGYFGVAARTRPLCPYPQIARYKGSGDINTEANFACAAPP,[*]OCCOC(=O)c1ccc(cc1)C(=O)O[*],31,603
PVA,,PVA_dehydrogenase,MAALQQRTIDLLRTHQDTVVAQWSDQLAGSGQGQDGRLSTRELDAQVREFWRLFQTAVSTNGTGVAGSEWQDTRQFLEQLSRDRVLKGFSSSETASFLFSLKRPLFELVQQNFADDPKAVGDQLWAISELIDGLGLHSVKVYQKTREDVIQRQQEEMLELSTPVVKLWEGVLALPMIGTLDSQRTQVVMESLLQRIVDTGSEIAIIDITGVPTVDTLVAQHLLKTVTAIRLMGADAIISGVRPQIAQTIVHLGLDLQGIVTKANLADALALALKRTGQTVTKAAR,CCO,3,285
PU,,Polyurethanase,MGIFDYKNLGTEGSKTLFADAMAITLYAYHNLDNGYAVGYQHNGLGLGLPATLVQALLGSTDSQGVIPGIPWNPDSEKAALDAVQQAGWTPISASSLGYTGKVDARGTFFGEKPGYTTAQVEVLGKYDDAGKLLEIGIGFRGTSGPREHLISDSIGDVISDLLAAFGPKDYAKNYVGEAFGGLLKNVAEFAGAHGLSGQDVLVSGHSLGGLAVNSMADLSDSKWSGFYKDANYVAYASPTQSGGDKVLNVGYENDPVFRALDGASFNLSSLGVHDKPHESTTDNIVSFNDHYASSLWNVLPFSILNLPTWVSHLPTGYGDGMTRILDSGFYEQMTRDSTVIVANLSDPARANTWVQDLNRNAEAHKGDTFIIGSHGDDLIQGGKGADFIEGGKGNDTIRDSSGHNTFLFSGHFGNDRVVGYQATDKLVFTDVQGSADYRDHAKLVGGDTVISFGADSVTLVG,[*]OCCOC(=O)NCCCCCCN(=O)OCCO[*],31,462
PCL_PET,,PET-hydrolase,MMNVLTKCKLALGIIAIFFSLPSFAVPCSDCSNGFERGQVPRVDQLESSRGPYSVKTINVSRLARGFGGGTIHYSTESGGQQGIIAVVPGYVSLEGSIKWWGPRLASWGFTVITIDTNTIYDQPDSRASQLSAAIDYVIDKGNDRSSPIYGLVDPNRVGVIGWSMGGGGSLKLATDRKIDAVIPQAPWYLGLSRFSSITSPTMIIACQADVVAPVSVHASRFYNQIPGTTPKAYFEIALGSHFCANTGYPSEDILGRNGVAWMKRFIDKDERYTQFLCGQNFDSSLRVSEYRDNCSYY,[*]OCCCCC(=O)[*].[*]OCCOC(=O)c1ccc(cc1)C(=O)O[*],48,298
PCL_PET,,PETase,MNKSILKKLSFGTSVLLVSMNALSWTPSPTPNPDPIPDPTPCQDDCDFTRGPNPTPSSLEASTGPYSVATRSVASSVSGFGGGTLHYPTNTTGTMGAIAVVPGFLLQESSIDFWGPKLASHGFVVITISANSGFDQPASRATQLGRALDYVINQSNGSNSPISGMVDTTRLGVVGWSMGGGGALQLASGDRLSAAIPIAPWNQGGNRFDQIETPTLVIACENDVVASVNSHASPFYNRIPSTTDKAYLEINGGSHFCANDGGSIGGLLGKYGVSWMKRFIDNDLRYDAFLCGPDHAANRSVSEYRDTCNY,[*]OCCCCC(=O)[*].[*]OCCOC(=O)c1ccc(cc1)C(=O)O[*],48,310
PCL_PET,,PETase,MPITARNTLASLLLASSALLLSGTAFAANPPGGDPDPGCQTDCNYQRGPDPTDAYLEAASGPYTVSTIRVSSLVPGFGGGTIHYPTNAGGGKMAGIVVIPGYLSFESSIEWWGPRLASHGFVVMTIDTNTIYDQPSQRRDQIEAALQYLVNQSNSSSSPISGMVDSSRLAAVGWSMGGGGTLQLAADGGIKAAIALAPWNSSINDFNRIQVPTLIFACQLDAIAPVALHASPFYNRIPNTTPKAFFEMTGGDHWCANGGNIYSALLGKYGVSWMKLHLDQDTRYAPFLCGPNHAAQTLISEYRGNCPY,[*]OCCCCC(=O)[*].[*]OCCOC(=O)c1ccc(cc1)C(=O)O[*],48,308
PCL_PET,,PETase,MPPDCVLPRRLAAAALLASATLVPLSAAAQTNPYQRGPDPTTRDLEDSRGPFRYASTNVRSPSGYGAGTIYYPTDVSGSVGAVAVVPGYLARQSSIRWWGPRLASHGFVVITLDTRSTSDQPASRSAQQMAALRQVVALSETRSSPIYGKVDPNRLAVMGWSMGGGGTLISARDNPSLKAAVPFAPWHNTANFSGVQVPTLVIACENDTVAPISRHASSFYNSFSSSLAKAYLEINNGSHTCANTGNSNQALIGKYGVAWIKRFVDNDTRYSPFLCGAPHQADLRSSRLSEYRESCPY,[*]OCCCCC(=O)[*].[*]OCCOC(=O)c1ccc(cc1)C(=O)O[*],48,298
PHB_PHA,,PHB_depolymerase,MSQETFFAQQEDCFSSFHNYVQHIGKLQKLQSDNLQDGIRRRQEKSLQKLTACATRQIGPGDWLDYLSDFNQRTLLFWDTLRRRADGTLEHRRAGYPALLKFNYELLLDGRDLPAPVNYSLLHILPGPSQTTDPSLPPVIVIDPRGGHGAGIGGFKEDSEIGESLRAGHPTYFISFSHSSEPGQTLSDIALAEARFIELVSERHAHAGKPVLIGNCQAGWALMGLAALRPELPGLLIVVGAPLSYWAGVNGRNPMRYAGGLLGGAWMTRLGSDLGNGRFDGTWLVNNFENLDPAHALWGKYYDLFSSVDSEAQRFLDFERWWGSPNLFNSEEIETIVDELFIGNRLTGGQNTLTDLRKIEAPVVVFCSYGDNITPPQQALNWIADLYPSDLALHSSGRTIIYLKHASAGHLGIFVSGQVARREHRQLIGAIDAIKALPPGLFELIIDEVPHPDGGAQSYQVHFESRRIADILAEDDGHDDEREFELVDRVSAISSTFYDWTVRPWLSRAINEPVAEQLREHHPFHLQRQLWSSLNPATWWLSGTAELARRRRNPVRPDNPLLAWQEFFSDSVENTLDTWRDLRDASQELAFHTLYGWFSTLAGGQRTSAAEKFASERERTLLERLYAALPQGGAREAAIRILLLLARASGRLDKAMLEGIVKDYRRRAYADPHIPDVATLREITRQQNLLVFAYPEESLQTLPELLPDTSVRQRILAEVLNIEPGWQRSDGPLGALWRQLFEVLELPTAEFALLRLESPATAEQPAEVDAAATPESTPPTAEPKIRPAAETAAVPAKRQEVLIEPVPTAVPEPTETAAAPKAAAPEPIAAPAEPAGQAPAETSPAEAAPKPHIRVRANTVISEPLETLPSAEAAPADSGKPPAKAAATKRTTAQRTVKPRRPRKPGGTQPSDNT,[*]OC(C)CC(=O)[*].[*]OC(C)CC(=O)[*],35,914
PCL,,Hydrolase,MFQRVWALTAALMLMLSLGATSSHAAQNPHERGPDPSNSYIEQARGSYSVSQRSISRLGSDGFRDGTMYYPTSTADGRFGVVAISPGYTASESTIAWLGPRLASFGFVVVTINTDSRYDQPRQRATQLHAALDHAIGDSVVGPRIDTSRQAVMGHSMGGGGALQAAEERDEIRAAVPLTPWNLKKGWSGVDAATLVIGAENDAIAPVRSHSIPFYESLTNAERRAYLELRREGHFAPNSSNTLIAKYSVSWLKRYVDNDLRYDQFIDPGPRTGITTGVSDYRLG,[*]OCCCCC(=O)[*],16,284
PBS_PBSA_PCL,,Esterase,MQFKSTFAALVLAAAGLVQAAPLQERAGCSSYVIINTRGTSEPQGPSVGFRTMNTRIRSAVSGGSEYDTVYPAGIDQNSAQGTANIVAQVKAGLARNPNTCFLLEGYSQGAAATCNALPQLTGAAFDAVKGVILIGNPEHKPNLACNVDGNGGKTTFSARGISAAFTQGVPSNWVSKTLDICIYGDGVCDVSSGFGITPQHLTYGYNTNVQTMGANFGIKALQG,[*]OCCCCOC(=O)CC(=O)O[*].[*]OCCCCOC(=O)CC(=O)O[*].[*]OCCCCC(=O)[*],66,224
PET_PU,,Polyester_hydrolase,MPFNKKSVLALCGAGALLFSMSALANNPAPTDPGDSGGGSAYQRGPDPSVSFLEADRGQYSVRSSRVSSLVSGFGGGTIYYPTGTTGTMGAVVVIPGFVSAESSIDWWGPKLASYGFVVMTIDTNTGFDQPPSRARQINNALDYLVSQNSRSSSPVRGMIDTNRLGVIGWSMGGGGTLRVASEGRIKAAIPLAPWDTTSYYASRSQAPTLIFACESDVIAPVLQHASPFYNSLPSSIDKAFVEINGGSHYCGNGGSIYNDVLSRFGVSWMKLHLDEDSRYKQFLCGPNHTSDSQISDYRGNCPY,[*]OCCOC(=O)c1ccc(cc1)C(=O)O[*].[*]OCCOC(=O)NCCCCCCN(=O)OCCO[*],63,304
PET,,Cutinase,ANPYERGPNPTDALLEARSGPFSVSEENVSRLSASGFGGGTIYYPRENNTYGAVAISPGYTGTEASIAWLGERIASHGFVVITIDTITTLDQPDSRAEQLNAALNHMINRASSTVRSRIDSSRLAVMGHSMGGGGSLRLASQRPDLKAAIPLTPWHLNKNWSSVTVPTLIIGADLDTIAPVATHAKPFYNSLPSSISKAYLELDGATHFAPNIPNKIIGKYSVAWLKRFVDNDTRYTQFLCPGPRDGLFGEVEEYRSTCPF,[*]OCCOC(=O)c1ccc(cc1)C(=O)O[*],31,261
PET,,Cutinase,MANPYERGPNPTDALLEASSGPFSVSEENVSRLSASGFGGGTIYYPRENNTYGAVAISPGYTGTEASIAWLGGRIASHGFVVITIDTITTLDQPDSRAEQLNAALNHMINRASSTVRSRIDSSRLAVMGHSMGGGGTPRLASQRPDLKAAIPLTPWHLNKNRSSVTVPTLIIGADLDTIAPVATHAKPFYNSLPSSISKAYLELDGATHFAPNIPNKIIGKYSVAWLKRFVDNDTRYTQFLCPGPRDGLFGEVEEYCSTCPF,[*]OCCOC(=O)c1ccc(cc1)C(=O)O[*],31,262
PET,,Serine_hydrolase,MANPYERGPNPTNSSIEALRGPFRVDEERVSRLQARGFGGGTIYYPTDNNTFGAVAISPGYTGTQSSISWLGERLASHGFVVMTIDTNTTLDQPDSRASQLDAALDYMVEDSSYSVRNRIDSSRLAAMGHSMGGGGTLRLAERRPDLQAAIPLTPWHTDKTWGSVRVPTLIIGAENDTIASVRSHSEPFYNSLPGSLDKAYLELDGASHFAPNLSNTTIAKYSISWLKRFVDDDTRYTQFLCPGPSTGWGSDVEEYRSTCPF,[*]OCCOC(=O)c1ccc(cc1)C(=O)O[*],31,262
PET,,Triacylglycerol_lipase,MSLRKSFGLLSATAALVAGLVAAPPAQAAANPYQRGPDPTESLLRAARGPFAVSEQSVSRLSVSGFGGGRIYYPTTTSQGTFGAIAISPGFTASWSSLAWLGPRLASHGFVVIGIETNTRLDQPDSRGRQLLAALDYLTQRSSVRNRVDASRLAVAGHSMGGGGTLEAAKSRTSLKAAIPIAPWNLDKTWPEVRTPTLIIGGELDSIAPVATHSIPFYNSLTNAREKAYLELNNASHFFPQFSNDTMAKFMISWMKRFIDDDTRYDQFLCPPPRAIGDISDYRDTCPHT,[*]OCCOC(=O)c1ccc(cc1)C(=O)O[*],31,289
PES_PCL_PET,,Cutinase,MVRVFGLTLLALLVPALAAPVPEDLEARQSGCADVMVVYARGTDQDSPIGDPASVGVLFRDNIKSLLGSRTFSFQGVNYAANVIGFLQGGDPAGSRQMTTDLTNVANSCPNAKIVSAGYSQGGQLVHNSAAQLTAAVRNRINAVVIFGDPKSDQAVTGIPSSNVKIICHDGDNICEGGFIVTSQHTNYQQDAPAAAQFVLSKV,[*]OCCOC(=O)CC(=O)O[*].[*]OCCCCC(=O)[*].[*]OCCOC(=O)c1ccc(cc1)C(=O)O[*],71,203
PCL_PET,,Cutinase,MINRTLPNSLLSMLAAGALLLSTSVMATNPPVDEPTDPGDSYARGPDPTVAFLEASSGPYSTRTSRVSGLVSGFGGGTIHYPTGTTGTMAAIVVIPGFVSAESSIDWWGPKLASHGFVVMTIDTNTGFDQPPSRARQINNALDYLVDQNSRRTSPVNGMIDTDRLGVIGWSMGGGGTLRVASQGRIKAAIPLAPWDTTNARSVQAPTLIFACQADIIAPVGVHASPFYNQLPNDIEKAYVEISGGSHYCANGGGLNNDVLSRLGVSWMKRFLDNDTRYSQFLCGPNHTSDRRVSEYRGNCPY,[*]OCCCCC(=O)[*].[*]OCCOC(=O)c1ccc(cc1)C(=O)O[*],48,302
PET,,Lipase,MKNTLIPKSLSTLFAASALMLSATVMAANPAPPQDPVEPGGFARGPDPSVSFLEADRGPYSVNTSRVSGLVSGFGGGTIHYPSGTTGTMAAIVVIPGYVSAESSIEWWGPKLASHGFVVMTIDTNTSFDQPPSRARQINSALDYLIDQNTATRSAVRGMIDTNRLGVVGWSMGGGGTLRVATEGRISAAIPLAPWDTSSLQFRNVQAPTLIFACESDIIAPVGSHASPFYNRLPGDLNKAFVEIDGGNHYCANGAASFGRYDSVLSRMGVSWMKLHLDQDERYKQFLCGPNHTADNRISEYRGNCPY,[*]OCCOC(=O)c1ccc(cc1)C(=O)O[*],31,307
PET,,Cutinase,APLPDTPGAPFPAVANFDRSGPYTVSSQSEGPSCRIYRPRDLGQGGVRHPVILWGNGTGAGPSTYAGLLSHWASHGFVVAAAETSNAGTGREMLACLDYLVRENDTPYGTYSGKLNTGRVGTSGHSQGGGGSIMAGQDTRVRTTAPIQPYTLGLGHDSASQRRQQGPMFLMSGGGDTIAFPYLNAQPVYRRANVPVFWGERRYVSHFEPVGSGGAYRGPSTAWFRFQLMDDQDARATFYGAQCSLCTSLLWSVERRGL,[*]OCCOC(=O)c1ccc(cc1)C(=O)O[*],31,258
PET,,Cutinase,QLGAIENGLESGSANACPDAILIFARGSTEPGNMGITVGPALANGLESHIRNIWIQGVGGPYDAALATNFLPRGTSQANIDEGKRLFALANQKCPNTPVVAGGYSQGAALIAAAVSELSGAVKEQVKGVALFGYTQNLQNRGGIPNYPRERTKVFCNVGDAVCTGTLIITPAHLSYTIEARGEAARFLRDRIRA,[*]OCCOC(=O)c1ccc(cc1)C(=O)O[*],31,194
PET,,Cutinase,MKFFALTTLLAATASALPTSNPAQELEARQLGRTTRDDLINGNSASCADVIFIYARGSTETGNLGTLGPSIASNLESAFGKDGVWIQGVGGAYAATLGDNALPRGTSSAAIREMLGLFQQANTKCPDATLIAGGYSQGAALAAASIEDLDSAIRDKIAGTVLFGYTKNLQNRGRIPNYPADRTKVFCNTGDLVCTGSLIVAAPHLAYGPDARGPAPEFLIEKVRAVRGSA,[*]OCCOC(=O)c1ccc(cc1)C(=O)O[*],31,230
PET,,Lipase,MKLLSLTGVAGVLATCVAATPLVKRLPSGSDPAFSQPKSVLDAGLTCQGASPSSVSKPILLVPGTGTTGPQSFDSNWIPLSTQLGYTPCWISPPPFMLNDTQVNTEYMVNAITALYAGSGNNKLPVLTWSQGGLVAQWGLTFFPSIRSKVDRLMAFAPDYKGTVLAGPLDALAVSAPSVWQQTTGSALTTALRNAGGLTQIVPTTNLYSATDEIVQPQVSNSPLDSSYLFNGKNVQAQAVCGPLFVIDHAGSLTSQFSYVVGRSALRSTTGQARSADYGITDCNPLPANDLTPEQKVAAAALLAPAAAAIVAGPKQNCEPDLMPYARPFAVGKRTCSGIVTP,[*]OCCOC(=O)c1ccc(cc1)C(=O)O[*],31,342
PET,,PETase,MQVVLGRVRSAGLLAALLALAAWALVWASPSAEAQSNPYQRGPNPTRSALTTDGPFSVATYSVSRLSVSGFGGGVIYYPTGTTLTFGGIAMSPGYTADASSLAWLGRRLASHGFVVIVINTNSRLDFPDSRASQLSAALNYLRTSSPSAVRARLDANRLAVAGHSMGGGATLRISEQIPTLKAGVPLTPWHTDKTFNTPVPQLIVGAEADTVAPVSQHAIPFYQNLPSTTPKVYVELDNATHFAPNSPNAAISVYTISWMKLWVDNDTRYRQFLCNVNDPALSDFRSNNRHCQ,[*]OCCOC(=O)c1ccc(cc1)C(=O)O[*],31,293
PET,,Hydrolase,MAVMTPRRERSSLLSRALQVTAAAATALVTAVSLAAPAHAANPYERGPNPTDALLEASSGPFSVSEENVSRLSASGFGGGTIYYPRENNTYGAVAISPGYTGTEASIAWLGERIASHGFVVITIDTITTLDQPDSRAEQLNAALNHMINRASSTVRSRIDSSRLAVMGHSMGGGGTLRLASQRPDLKAAIPLTPWHLNKNWSSVTVPTLIIGADLDTIAPVATHAKPFYNSLPSSISKAYLELDGATHFAPNIPNKIIGKYSVAWLKRFVDNDTRYTQFLCPGPRDGLFGEVEEYRSTCPF,[*]OCCOC(=O)c1ccc(cc1)C(=O)O[*],31,301
PET,,Hydrolase,MAVMTPRRERSSLLSRALRFTAAAATALVTAVSLAAPAHAANPYERGPNPTDALLEARSGPFSVSEERASRFGADGFGGGTIYYPRENNTYGAVAISPGYTGTQASVAWLGKRIASHGFVVITIDTNTTLDQPDSRARQLNAALDYMINDASSAVRSRIDSSRLAVMGHSMGGGGSLRLASQRPDLKAAIPLTPWHLNKNWSSVRVPTLIIGADLDTIAPVLTHARPFYNSLPTSISKAYLELDGATHFAPNIPNKIIGKYSVAWLKRFVDNDTRYTQFLCPGPRDGLFGEVEEYRSTCPF,[*]OCCOC(=O)c1ccc(cc1)C(=O)O[*],31,301
PET,,Cutinase,MPPHAARPGPAQNRRGRAMAVITPRRERSSLLSRALRFTAAAATALVTAVSLAAPAHAANPYERGPNPTDALLEARSGPFSVSEERASRFGADGFGGGTIYYPRENNTYGAVAISPGYTGTQASVAWLGERIASHGFVVITIDTNTTLDQPDSRARQLNAALDYMINDASSAVRSRIDSSRLAVMGHSMGGGGTLRLASQRPDLKAAIPLTPWHLNKNWSSVRVPTLIIGADLDTIAPVLTHARPFYNSLPTSISKAYLELDGATHFAPNIPNKIIGKYSVAWLKRFVDNDTRYTQFLCPGPRDGLFGEVEEYRSTCPF,[*]OCCOC(=O)c1ccc(cc1)C(=O)O[*],31,319
PET_PLA,,Cutinase,MANPYERGPNPTDALLEASSGPFSVSEENVSRLSASGFGGGTIYYPRENNTYGAVAISPGYTGTEASIAWLGERIASHGFVVITIDTITTLDQPDSRAEQLNAALNHMINRASSTVRSRIDSSRLAVMGHSMGGGGTLRLASQRPDLKAAIPLTPWHLNKNWSSVTVPTLIIGADLDTIAPVATHAKPFYNSLPSSISKAYLELDGATHFAPNIPNKIIGKYSVAWLKRFVDNDTRYTQFLCPGPRDGLFGEVEEYRSTCPF,[*]OCCOC(=O)c1ccc(cc1)C(=O)O[*].[*]OC(C)C(=O)[*],48,262
PET_PLA,,Cutinase,MANPYERGPNPTDALLEARSGPFSVSEERASRFGADGFGGGTIYYPRENNTYGAVAISPGYTGTQASVAWLGERIASHGFVVITIDTNTTLDQPDSRARQLNAALDYMINDASSAVRSRIDSSRLAVMGHSMGGGGTLRLASQRPDLKAAIPLTPWHLNKNWSSVRVPTLIIGADLDTIAPVLTHARPFYNSLPTSISKAYLELDGATHFAPNIPNKIIGKYSVAWLKRFVDNDTRYTQFLCPGPRDGLFGEVEEYRSTCPF,[*]OCCOC(=O)c1ccc(cc1)C(=O)O[*].[*]OC(C)C(=O)[*],48,262
PET,,nitrobenzylesterase,MTHQIVTTQYGKVKGTTENGVHKWKGIPYAKPPVGQWRFKAPEPPEVWEDVLDATAYGPICPQPSDLLSLSYTELPRQSEDCLYVNVFAPDTPSQNLPVMVWIHGGAFYLGAGSEPLYDGSKLAAQGEVIVVTLNYRLGPFGFLHLSSFNEAYSDNLGLLDQAAALKWVRENISAFGGDPDNVTVFGESAGGMSIAALLAMPAAKGLFQKAIMESGASRTMTKEQAASTSAAFLQVLGINEGQLDKLHTVSAEDSLKAADQLRIAEKENIFQLFFQPALDPKTLPEEPEKAIAEGAASGIPLLIGTTRDEGYLFFTPDSDVHSQETLDAALEYLLGKPLAEKAADLYPRSLESQIHMMTDLLFWRPAVAYASAQSHYAPVWMYRFDWHPKKPPYNKAFHALELPFVFGNLDGLERMAKAEITDEVKQLSHTIQSAWITFAKTGNPSTEAVNWPAYHEETRETLILDSEITIENDPESEKRQKLFPSKGE,[*]OCCOC(=O)c1ccc(cc1)C(=O)O[*],31,489
PET_PCL,,Hydrolase,MKRTLKRALSLLPAAALAASALVAASPAQAAANPYQRGPNPTEASITAARGPFNTAEITVSRLSVSGFGGGKIYYPTTTSEGTFGAIAISPGFTAYWSSLEWLGHRLASQGFVVIGIETNTTLDQPDQRGQQLLAALDYLTQRSAVRDRVDASRLAVAGHSMGGGGSLEAAKARTSLKAAIPLAPWNLDKTWPEVRTPTLIIGGELDAVAPVATHSIPFYNSLSNAPEKAYLELDNASHFFPNITNTQMAKYMIAWMKRFIDDDTRYTQFLCPPPSTGLLSDFSDARFTCPM,[*]OCCOC(=O)c1ccc(cc1)C(=O)O[*].[*]OCCCCC(=O)[*],48,292
PET,,Hydrolase,ANPYERGPDPTESSIEAVRGPFAVAQTTVSRLQADGFGGGTIYYPTDTSQGTFGAVAISPGFTAGQESIAWLGPRIASQGFVVITIDTITRLDQPDSRGRQLQAALDHLRTNSVVRNRIDPNRMAVMGHSMGGGGALSAAANNTSLEAAIPLQGWHTRKNWSSVRTPTLVVGAQLDTIAPVSSHSEAFYNSLPSDLDKAYMELRGASHLVSNTPDTTTAKYSIAWLKRFVDDDLRYEQFLCPAPDDFAISEYRSTCPF,[*]OCCOC(=O)c1ccc(cc1)C(=O)O[*],31,258
PET_PCL,,Polyester_hydrolase,MANPYERGPDPTESSIEAVRGPFAVAQTTVSRLQADGFGGGTIYYPTDTSQGTFGAVAISPGFTAGQESIAWLGPRIASQGFVVITIDTITRLDQPDSRGRQLQAALDHLRTNSVVRNRIDPNRMAVMGHSMGGGGALSAAANNTSLEAAIPLQGWHTRKNWSSVRTPTLVVGAQLDTIAPVSSHSEAFYNSLPSDLDKAYMELRGASHLVSNTPDTTTAKYSIAWLKRFVDDDLRYEQFLCPAPDDFAISEYRSTCPFLEHHHHHH,[*]OCCOC(=O)c1ccc(cc1)C(=O)O[*].[*]OCCCCC(=O)[*],48,267
PET,,Polyester_hydrolase,MANPYERGPDPTVQSIEAVRGPFSVSETNVSRLVVTGFGGGTIYYPRDTSQGTFGAVAIAPGFTASEGSMAWYGPRIASQGFVVFTIDTLTRLDQPDSRGRQLLAALDYLTQRSSVRSRIDSSRLAVMGHSMGGGGSLEASESRPSLKASIPLTPWNLKKNWRNNRVPTLIVGAENDSIASVRTHAEPFYESIPSTTNKAYLELNNATHFAPNISNTTIAKYSISWLKRFVDNDTRYEQFLCPPPRPDRDIEEYRCTCPY,[*]OCCOC(=O)c1ccc(cc1)C(=O)O[*],31,260
PET,,Polyester_hydrolase,MANPYERGPAPTTSSIEASRGPFAIASVTVSRSSVSGFGGGTIYYPRDTSEGTFGAVAIAPGFTADEGSMAWYGPRIASQGFVVFTIDTITRLDQPDSRGRQLLAALDYLTQRSSVRSRIDSSRLAVMGHSMGGGGSLEASVSRPSLKAAIPLTPWNLKKNWRDVRVPTLIVGAESDSIASVRTHAEPFYESIPSTTNKAYLELNNATHFAPNISNTTIAKYSISWLKRFVDNDTRYEQFLCPPPRPDRDIEEYRSTCPH,[*]OCCOC(=O)c1ccc(cc1)C(=O)O[*],31,260
PET,,Polyester_hydrolase,MENPYERGPDPTESSIEAVRGPFAVAQTTVSRLQADGFGGGTIYYPTDTSQGTFGAVAISPGFTAGQESIAWLGPRIASQGFVVITIDTITRLDQPDSRGRQLQAALDHLRTNSVVRNRIDPNRMAVMGHSMGGGGALSAAANNTSLEAAIPLQGWHTRKNWSSVRTPTLVVGAQLDTIAPVSSHSEAFYNSLPSDLDKAYMELRGASHFVSNTPDTTTAKYSIAWLKRFVDNDLRYEQFLCPAPDDFAISEYRATCPF,[*]OCCOC(=O)c1ccc(cc1)C(=O)O[*],31,259
PET,,Polyester_hydrolase,MENPYERGPDPTTQSVEAARGPYAVSQITVGGQFGSYSGGTIYYPTSTADGKFGAVAIAPGFLSFQSSVAWLGPRIASQGFVVMTIDTGTIFDQPAQRGDQLLDALDFLTQRSSVKDRIDPNRLAVAGWSWGGGGSLEAAADRPSLKAAIPMAGWNLNTNWSRLTTPVLVVGVQNDLIAPVAMHSEPFYNSIRSEKAYLELAGGSHFTVTSANTPQAKLMISWLKRFVDNDTRYEQFICPGPSRGFSVSEYRSTCPY,[*]OCCOC(=O)c1ccc(cc1)C(=O)O[*],31,257
PET,,Polyester_hydrolase,MDNPYERGPDPTTQSVEAARGPYAVSQITVGGQFGSYSGGTIYYPTSTADGKFGAVAIAPGFLSFQSSVAWLGPRLASQGFVVMTIDTGTIFDQPAQRGDQLLDALDFLTQRSSVKDRIDPNRLAVAGWSMGGGGSLEAAADRPSLKAAIPMAGWNLNTNWSRLTTPVLVVGVQNDLIAPVGSHSEPFYNSIRSEKAYLELAGGSHFTVTSANTPQAKLMISWLKRFVDNDTRYEQFICPGPSRGFSVSEYRSTCPF,[*]OCCOC(=O)c1ccc(cc1)C(=O)O[*],31,257
PET,,Polyester_hydrolase,MDNPYERGPDPTTQSVEAARGPYAVSQITVGGQFGSYSGGTIYYPTSTTDGKFGAVAIAPGFLSFQSSVAWLGPRIASQGFVVMTIDTGTIFDQPAQRGDQLLDALDFLTQRSSVKDRIDPNRLAVAGWSMGGGGSLEAAADRPSLKAAIPMAGWNLNTNWSRLTTPVLVVGVQNDLIAPVAMHSEPFYNSIRSEKAYLELAGGSHFTVTSANTPQAKLMISWLKRFVDNDTRYEQFICPGPSRGFSVSEYRSTCPF,[*]OCCOC(=O)c1ccc(cc1)C(=O)O[*],31,257
PET_PU_PCL,,Esterase,MKKIYAVALFFLATSFAPNIIFAQCGDVTIESLTNPGPYEVATLTEADGLRNGPDYQGATVYYPTNATPPFASIAIVPGFTALPSSVEEWGPFYASHGIVTIIIGTNSLFDFPEERAVALIDALETMRQENTRSSSPLENQLDVDKFAVSGWSMGGGGAQRAAVLDNTIKGVVALCPWLPNASLNHDSPVLIFSGENDPTAPPAQHADLHYAATPNTTNKLLFEIENGNHSVANTPNGGNGAVGKIALSWLKLYVDENDCYCPLLTESLLVDPPAASKVLSSFECELLSVPDNSFAISVYPNPTHDFVNINSTNPVHFEVYSALGQRLLSGELTQSEKQIDFSNFAKGLYYVRLGNETVKIVRN,[*]OCCOC(=O)c1ccc(cc1)C(=O)O[*].[*]OCCOC(=O)NCCCCCCN(=O)OCCO[*].[*]OCCCCC(=O)[*],80,364
PET_PU_PCL,,Esterase,MRKLYLFLFLTLISPISISIFHAQCTGATVESLTNPGPYTVATLSEADGVRNGPKYAGSTIYYPTNATPPYASIAIVPGFTAAPSSVQEWGPFYASHGIVAIIIGTNSLYDQPEARALALLDALETIKQENGRATSPLIGKLDVTKLAVSGWSMGGGGAQRAAVLDNTISAVVALCPYLTSPQLNHTVPVLIFSGQSDPTAPPSQHANVHYNTTPGTTNKLLFEVKNGNHSVANSPTGGGGAVGKLALSWLKIYLEKNDCYCSVLATAIVNSTTVSSKISQSYQCNNALGVVDSKTRFNLYPNPTKDFVQVNVREMASYQLSSSTGQIVLKGIVTSSKNQIDLSKLPAGVYYLQINGETIKVIKKQ,[*]OCCOC(=O)c1ccc(cc1)C(=O)O[*].[*]OCCOC(=O)NCCCCCCN(=O)OCCO[*].[*]OCCCCC(=O)[*],80,366
PU_PCL,,Esterase,MKIIYPLAVLFLITSLAPNTIFAQCEDVTIESLTNPGPYEVATLTEDDGIRNGPDYLDATVYYPTNATPPYASIAIVPGFTAQPSSVEEWGPFYASHGIVTIIIGTNSPFEFPDLRATALLDALETLRQENERQNSPLENQLDVDKFAVSGWSMGGGGAQLAAQMDSSIKAVLALCPWYPQATFNHNSPVLIFSGQDDTVAPPGIHADVHYNVTPDTTNKLLFEVANGSHSVANTPTGGDGVVGKIALSWLKLYLDDNDCYCPLLTDSLLVDPPAASKVEASFECEPIIGIAENNIDISIFPNPTDNFITVSIPTIASYKVYSALGQLLLSGEIDQSNKQIDFSQFAKGMYYVRVENETIRIIRK,[*]OCCOC(=O)NCCCCCCN(=O)OCCO[*].[*]OCCCCC(=O)[*],48,365
PU_PCL,,Esterase,MKKLYAVALFFLAISFPPNIIFAQCGDVTLESLTNPGPYEVATLTEADGLRNGPDYAGATVYYPTNATPPFASIAIVPGFTALPSSVEEWGPFYASHGIVTIIIGTNSLFDFPEQRATALLDALETMRQENTRSTSPLENQLDVDKFAVSGWSMGGGGAQRAAVLDNTIKGVVALCPWLPNASLNHDSPVLIFSGENDPTAPPAQHADLHYAATPNTTNKLLFEVENGNHSVANTPNGGNGAVGKIALSWLKLYLDDNDCYCPLLTDELLVNPPAASKVLSSFECELVLGVAENTVDISLYPNPTQDFVYINVSKVTYYEVYSALGQRLLSGKLTQGEKQIDFSNFAQGLYYVGVGNETMKVIRE,[*]OCCOC(=O)NCCCCCCN(=O)OCCO[*].[*]OCCCCC(=O)[*],48,365
PLA,,Protease,MGLAIAAAAVFSLPGVATATEPTGGVQPNIVGGGNATQVYSFMVSQQSSSGGHQCGGSLISSTWVVTAKHCGTPYQVRVGTTNRTSGGTVARVAQRIAHPSADLALLRLSTAVPQAPVTIADASGAVGTATRIIGWGQTCAPQGGCGAPITLQELNTSIVSDSRCLGISGASEICTNNPNGNSGACYGDSGGPQIKQVNGVWQLIGATSRAGNNSSTCATGPSIYVDVPYFRSWIRTNTGV,[*]OC(C)C(=O)[*],16,241
PLA,,Protease,YDVRGGDAYYINNSPRCSIGFSVNGGFLTAGHCGPGTVTGSNRVAMGSFARASFPGNDYGHVRVNSNWVPRGIINNGTRVSGSSEASTGASICKSGSTTGWTCGTVGAKNQTVRYAEGTVYGMTATNARSQAGDSGGSFIAGNQAQGMLSGGNSTVTYFFPVRPALSATGTSLVLG,[*]OC(C)C(=O)[*],16,176
PLA_PHBV_PCL_PBSA_PES_PHA,,Hydrolase,MQSGTVASNGIELFYESRGPENGEPMVFVMGLSAQMVFWPDTLLDALAAKGYRVIRFDNRDVGKSTQIRKPIKQGPVSAILRRIIGLPVESPYTLHDMVADTVGLLDALNIERAHFVGASMGGMISQLMAGTHPERVLSLTSIMSSNNSSLLPPPKPSALRVLIAPRVKVETEEQFVTFGLEMMSKLAGTLPQGKEELAAMYRAAWARGINPRGIRNQFLAITATGSLSKTLKQIQCPTTVIHGGADPLIRPAGGKASARAIRGAKLVIIPGMGHDFPPSVIDRIGELIAETAGRANSVVPPAVG,[*]OC(C)C(=O)[*].[*]OCCCCC(=O)[*].[*]OCCCCOC(=O)CC(=O)O[*].[*]OCCOC(=O)CC(=O)O[*].[*]OC(C)CC(=O)[*],99,305
PLA_PCL_PBSA,,Hydrolase,MSDLVWSRDGLDWPHREASRFIEAGGFRWHVQRMGSPAAPAILLIHGTGAASHSWRGLAPLLSRHYHVVAPDLPGHGFTQTPRGHRMSLPGMASDLAALLRVLQVAPQLVVGHSAGAAILARMCLDGSIDPKILFSLNGAFLPYGGPAASFFSPLAKMLVMNPFVPSLFAWQAGHRGAVERLIGNTGSTIDPAGIKLYGKLVSSPNHVAAALRMMANWDLEPLLKALPNLKPLLVLVAAEGDRAIPPSVAVKVREILPKAVIERIPALGHLAHEERPALIAALIERYAEKLENIE,[*]OC(C)C(=O)[*].[*]OCCCCC(=O)[*].[*]OCCCCOC(=O)CC(=O)O[*],58,295
PCL_PET,,Cutinase,MDGVLWRVRTAALMAALLALAAWALVWASPSVEAQSNPYQRGPNPTRSALTADGPFSVATYTVSRLSVSGFGGGVIYYPTGTSLTFGGIAMSPGYTADASSLAWLGRRLASHGFVVLVINTNSRFDYPDSRASQLSAALNYLRTSSPSAVRARLDANRLAVAGHSMGGGGTLRIAEQNPSLKAAVPLTPWHTDKTFNTSVPVLIVGAEADTVAPVSQHAIPFYQNLPSTTPKVYVELDNASHFAPNSNNAAISVYTISWMKLWVDNDTRYRQFLCNVNDPALSDFRTNNRHCQ,[*]OCCCCC(=O)[*].[*]OCCOC(=O)c1ccc(cc1)C(=O)O[*],48,293
PBS_PBSA,,Cutinase,MHLRNIVIALAATAVASPVDLQDRQLTGGDELRDGPCKPITFIFARASTEPGLLGISTGPAVCNRLKLARSGDVACQGVGPRYTADLPSNALPEGTSQAAIAEAQGLFEQAVSKCPDTQIVAGGYSQGTAVMNGAIKRLSADVQDKIKGVVLFGYTRNAQERGQIANFPKDKVKVYCAVGDLVCLGTLIVAPPHFSYLSDTGDASDFLLSQLG,[*]OCCCCOC(=O)CC(=O)O[*].[*]OCCCCOC(=O)CC(=O)O[*],49,213
PCL,,Cutinase,SPVDLQDRQLTGGDELRDGPCKPITFIFARASTEPGLLGISTGPAVCNRLKLARSGDVACQGVGPRYTADLPSNALPEGTSQAAIAEAQGLFEQAVSKCPDTQIVAGGYSQGTAVMNGAIKRLSADVQDKIKGVVLFGYTRNAQERGQIANFPKDKVKVYCAVGDLVCLGTLIVAPPHFSYLSDTGDASDFLLSQLG,[*]OCCCCC(=O)[*],16,197
PHB_PHA,,PHB_depolymerase,MFDSVKIAWLVALGAAQVAATALPAFNVNPNSVSVSGLSSGGYMAAQLGVAYSDVFNVGFGVFAGGPYDCARNQYYTSCMYNGYPSITTPTANMKSWSGNQIASVANLGQRKIYMWTGSSDTTVGPNVMNQLKAQLGNFDNSANVSYVTTTGAVHTFPTDFNGAGDNSCSLSTSPYISNCNYDGAGAALKWIYGSLNARNTGTLSGSVLSFAQSGSYGANGMDTTGYLYVPQSCASGATVCSLHVALHGCLQSYSSIGSRFIQNTGYNKWADTNNMIILYPQAIPDYTIHAIWNGGVLSNPNGCWDWVGWYGSNADQIGGVQMAAIVGQVKQIVSGFQG,[*]OC(C)CC(=O)[*].[*]OC(C)CC(=O)[*],35,339
PU,,Protease,MAITLYSYHNLDNGFAVGYQNNGLGLGLPATLVSALIGGSNAQGVIPGIPWNPDSEKPALEAVQAAGWTPISASTLGYTARSMHAAPTLAKNSATARRRPRCWASTMTLATAGNRHQFPRHFRASGKCDHRLHRRCDQRPARRLRAQGLCQELRGGGFWRVAQRLADTPLPGLGGNDVVVSGHSLGGMAVNSMADLSDSTWSGFYKDANYLAYASPTQSAGDKVLNVGYENDPVFRALDGSSFNLSSLGVHDKAHESSTDNIVSLNDHYASSLWNVLPFSILNLPTWVSHLPTGYGDGMTRILDSGFYEQMTRDSTVIVANLSDPARATTWVQDLNRNAEAHKGNTFIIGSDGDDFIKGGRGADFIEGGKGNDTIRDSSGHNTFLFSGQFGNDRVIGYQATDKLVFNDVAGSTDYRDHVKVVGGDTVIGFGTDSVTLVGVSSLSGEGIVIS,[*]OCCOC(=O)NCCCCCCN(=O)OCCO[*],31,451
Nylon,,Nylon_hydrolase,MNTTPVHALTDIDGGIAVDPAPRLAGPPVFGGPGNDAFDLAPVRSTGREMLRFDFPGVSIGAAHYEEGPTGATVIHIPAGARTAVDARGGAVGLSGGYDFNHAICLAGGASYGLEAGAGVSGALLERLEYRTGFAEAQLVSSAVIYDFSARSTAVYPDKALGRAALEFAVPGEFPQGRAGAGMSASAGKVDWDRTEITGQGAAFRRLGDVRILAVVVPNPVGVIMDRAGTVVRGNYDAQTGVRRHPVFDYQEAFAEQVPPVTEAGNTTISAIVTNVRMSPVELNQFAKQVHSSMHRGIQPFHTDMDGDTLFAVTTDEIDLPTTPGSSRGRLSVNATALGAIASEVMWDAVLEAGK,NCCCCNCCCC(=O)O,15,355
PLA,,Protease,MRLSVLLSLLPLALGAPAVEQRSEAAPLIEARGEMVANKYIVKFKEGSALSALDAAMEKISGKPDHVYKNVFSGFAATLDENMVRVLRAHPDVEYIEQDAVVTINAAQTNAPWGLARISSTSPGTSTYYYDESAGQGSCVYVIDTGIEASHPEFEGRAQMVKTYYYSSRDGNGHGTHCAGTVGSRTYGVAKKTQLFGVKVLDDNGSGQYSTIIAGMDFVASDKNNRNCPKGVVASLSLGGGYSSSVNSAAARLQSSGVMVAVAAGNNNADARNYSPASEPSVCTVGASDRYDRRSSFSNYGSVLDIFGPGTSILSTWIGGSTRSISGTSMATPHVAGLAAYLMTLGKTTAASACRYIADTANKGDLSNIPFGTVNLLAYNNYQA,[*]OC(C)C(=O)[*],16,384
PHB_PHA,,PHB_depolymerase,MISKLMGAQRFLPAVAATVTSLVWGLAGTLVAPGEAQALTCGTNSGFVCKGTQTQYAGGFAPGVGYGGFGGGSCTATKTPVIFIHGNGDNAISFDMPPGNVSGYGTPARSVYAELKARGYNDCEIFGVTYLSSSEQGSAQYNYHSSTKYAIIKTFIDKVKAYTGKSQVDIVAHSMGVSMSLATLQYYNNWTSVRKFINLAGGIRGLYSCYYTGYANAAAPTCGSQNYYNSYTFGFFPEGWYYGVWVSNPWTGSGSTNSMRDMPAKRTAVSFYTLSAGFKDQVGCATASFWAGCDSAAKFASTTSNVKAQINVGAGSNATQADYDWADGMPYNAGGGDTTNGVGHFRTKTNTGAIIQRMLLTTCTGLDCAAEYTTGPKAAY,[*]OC(C)CC(=O)[*].[*]OC(C)CC(=O)[*],35,380
PHB_PHA,,PHB_depolymerase,MLKREEMVSSIPATPWRWAFTALAAAALAACGSGEHEPSNDLPKGFTELGATVYPATATGTGATAATQDLLTGGLGKTGLGAAAAPLYADPANPTAAELRRNALYSNYRGILDPTAGGGYGTLYGPNITANGQVTAGEGLIPGREYLAVLDDGTGRKQTMVAVQVPDSFDRNRPCIVLGPSSGSRGVYGAIGTAGEWGLKKGCAVALTDAGKGVGLHNLSDDTVNKLDGTRATRTDAGSLSFFAARLTDAARAAYNAAFPNRIAIKHAHSQQNPEKDWGNDTLAAARYALYVLNARYGTTQDPVPFGKDNTLVLAGSASNGGAAVLRAAELDADGLIDGVVASEPVTEMPTRQGYTIAVGNATMPNPGRTLAEYTTYGNIYQPCAALAPDAALTETSIFNYIGLTAMTARAEARCTSLAAKGLVIGATTADRAANALSKLRLYGWTRDHDRMHNAHYALGNGPILSAMYTMAYGRFGVDANLCRTSFAAANATGDVVPATGAALAQSFATANGTANGTPATVVYNDSVGGAKAWQFAVSPSTRVADLGLDNALCQHALVTGFDPVTGFNLSESSVPTRAQSDAVRAGIAEVLHTAKLRGKPTIIVAGRSDALVPVNHNARAYTVLNRGLDGSNTRLRYIEVVNAQHFDAFLPFSGFDTRFVPLHPYFNQAMDAVWANLRSSTALPASQVVRTTPRGGQPGAAPAITAAQVPPFVARPSTANTIEVSDGLIRIPE,[*]OC(C)CC(=O)[*].[*]OC(C)CC(=O)[*],35,734
Nylon,,Hydrolase,MSKVDLWQDATAQAELVRSGEISRTELLEATIAHVQAVNPEINAVIIPLFEKARRESELASGPFAGVPYLLKDLTVVSQGDINTSSIKGMKESGYRADHDAYFVQRMRAAGFVLLGKVNTPEMGTQVTTEPEAWGATRNPWNLGRSVGGSSGGSGAAVAAALSPVAHGNDAAGSVRIPASVCGVVGLKPTRGRISPGPLVTDSDNVAGAAHEGLFARSVRDIAALLDVVSGHRPGDTFCAPTASRPYAQGISENPGSLRVGVLTHNPVGDFALDPECAAAARGAAAALAALGHDVNDAYPEALGDRSFLKDYLTICDVAIAREIERNGELIGRPLTEDDVEWTSWEMVKRADQVTGRAFAACVDELRYYAGKVERWWEAGWDLLILPTVTRQTPEIGELMLAKGTDLEGRHTALISGSLRMLAFTVPFNVSGQPAISLPIGMSSDGMPIGVQIVAAYGREDLLLQVAAQLEGALPWVARRPQLLNPSRKIPAA,NCCCCNCCCC(=O)O,15,493
PLA,,Protease,AQSVPWGISRVQAPAAHNRGLTGSGVKVAVLDTGISTHPDLNIRGGASFVPGEPSTQDGNGHGTHVAGTIAALNNSIGVLGVAPSAELYAVKVLGASGSGSVSSIAQGLEWAGNNGMHVANLSLGSPSPSATLEQAVNSATSRGVLVVAASGNSGAGSISYPARYANAMAVGATDQNNNRASFSQYGAGLDIVAPGVNVQSTYPGSTYASLNGTSMATPHVAGAAALVKQKNPSWSNVQIRNHLKNTATSLGSTNLYGSGLVNAEAATR,[*]OC(C)C(=O)[*],16,269
PLA,,Protease,AQSVPWGISRVQAPAAHNRGLTGSGVKVAVLDTGISTHPDLNIRGGASFVPGEPSTQDGNGHGTHVAGTIAALNNSIGVLGVAPSAELYAVKVLGADGRGAISSIAQGLEWAGNNGMHVANLSLGSPSPSATLEQAVNSATSRGVLVVAASGNSGASSISYPARYANAMAVGATDQNNNRASFSQYGAGLDIVAPGVNVQSTYPGSTYASLNGTSMATPHVAGAAALVKQKNPSWSNVQIRNHLKNTATSLGSTNLYGSGLVNAEAATR,[*]OC(C)C(=O)[*],16,269
PLA,,Protease,MMRKKSFWLGMLTAFMLVFTMAFSDSASAAQPAKNVEKDYIVGFKSGVKTASVKKDIIKESGGKVDKQFRIINAAKAKLDKEALKEVKNDPDVAYVEEDHVAHALAQTVPYGIPLIKADKVQAQGFKGANVKVAVLDTGIQASHPDLNVVGGASFVAGEAYNTDGNGHGTHVAGTVAALDNTTGVLGVAPSVSLYAVKVLNSSGSGSYSGIVSGIEWATTNGMDVINMSLGGASGSTAMKQAVDNAYAKGVVVVAAAGNSGSSGNTNTIGYPAKYDSVIAVGAVDSNSNRASFSSVGAELEVMAPGAGVYSTYPTNTYATLNGTSMASPHVAGAAALILSKHPNLSASQVRNRLSSTATYLGSSFYYGKGLINVEAAAQ,[*]OC(C)C(=O)[*],16,379
PLA_PCL_PBSA,,Esterase,MQLKHLFLFIVCSFFLSGCEDITNWAYEKGLAMEKNRAGLKDQILTTADGITWHILTSETSAEPIAEKEAVLLIHGFSADSSNWVRFANELEGDFFFIVPDLPGHGETTRNLDLTYTMSAQATRLLTLMDALQIQHFHVAGNSMGGAISLALAQQAPQRVLSIGLIDSAGLTRQTEGFKTILADSNSNPLIPHTAEQFQATLQWAMEEPPYLPSFVVDIMGKKKAANAAVAEKVWRDLLEDPGMMLEDKNVLPSIQIPTLVLWGREDRLLGVDNVGAFLEELPQSRAIVLDGIGHVPMAEAPGKSADAFRAFWREVRP,[*]OC(C)C(=O)[*].[*]OCCCCC(=O)[*].[*]OCCCCOC(=O)CC(=O)O[*],58,318
PLA_PCL_PBSA,,Esterase,MELNSMQFLLGLIGLLLLIVTSLRRWLLRRESPQKQAVDFHGELYQVGSAVIARSRADAPAGSVIVMHGFVENFLYFTEHYADPDIQLIMLTSADYHLPVNQPRFTKADWIKIPGQRPGTIAYDAAVLNQALEHLATGTQIRVHGHSRGGAVTLEAARQRPDLFARVEVILEAPVLPQGKPYKAVSPLARWFAPFYLFAWQQQPISPANAKVFGPLDNPRKRELIMALPFNPRYGRTFVNNIKDLADWMDSTGTDIYQHVKFGAILVPSHDLILNASAMLQSAQQAESLQIIEVEGCSHLITADRPDSIPPLPG,[*]OC(C)C(=O)[*].[*]OCCCCC(=O)[*].[*]OCCCCOC(=O)CC(=O)O[*],58,314
PLA_PBSA,,Esterase,MTAIIRQGRYQGLSSKGVTEYRGIPFAKAPLGEWRFKAPQPLPDSEDCVNADRYPLASLQPRNPIMGIQESGEDCLYLNIWAPEGEGPFPVMVWFHGGGYMAGSTSQALYNGAELARSQKVVVVNAAYRLGAMGFADFSAVAPELDADTNLGLRDQLAALQWVQENIAAFAGDDKQVTIFGESAGGFSVCSLLACPQADELFQAAIVQSGGADFVLAPDQVRKVTNAFVAALPGDGSAAEKLLSADNKGWIKAQNAAVKVLVDRGLRTTTPQFAMNFLPMVDGDVLPQLPVDAIAAGAAANKRVMAGVCRDEFNFFQYAGVLAGTTTMDALREISDEEIVSRFERALPGNGRRAFDYYQTAVEPDARRSRLDWLAAMESDRLFRVPTVRLLDAQSQHAQCWGFQFTWPSEPFGVPLGACHVVDVPFVFGVTDTPAGMYFTGGTSEARALSHQVQAAWGTFARGDAPGWNAWQSDRQVCQLGPGETMASLLDESGEQLWRDIIPVV,[*]OC(C)C(=O)[*].[*]OCCCCOC(=O)CC(=O)O[*],41,505
PLA,,Esterase,MNAKTPFTTPEDVGLSSTRLARLPAHFGEYVKRGKLAGVSTLVSRAGKIAHFETVGERDRENGLAMEKDTIFRIYSMSKPITSVALMMLYEEGRFQLSHEVARYIPSFANLKVWDGGTSDEYKTKPCERPMTIRDLLTHTSGLTYGFMHAHPVDKIYRKRGIDGAATANGMNLEVFCDALSEIPLLFSPGTQWSYSVATDVCGRLVEILSGQSLDVFFQSRIFDPLGMVDTGFVVPKDKLTRFAANYEKDPRTREVRLFDTSDETSTYASAKPFLSGGGGLVSTMVDYWRFCQMFLNGGELEGVRLLSRKTVDYMTLNHLPGGKTMPEMDQSAFSETGSEGTGFGLGFSVIIDEADAQAVTSAGNHSWGGAASTYFWIDPEEDLIGILMTQLMPSRAYPLRPQMQQLVYGAIED,[*]OC(C)C(=O)[*],16,414
PLA,,Esterase,MSNVQGYFDPRFERVRELFAEQQQDEQARGAALCVTVGGDTVLDLWQGVTDKENQQVWEQDTLVNVFSCTKPLGAVALLQQVAAGRIELDAPLAEVWPEFAQAGKQDITLRQVLSHRSGLSAIAKALPPEALFDWSTMSAALAEQAPWWEPGTAHGYAPVTYAWLLGEPLSRLTNESPGNYIQQHICAPLGMDFHVGVPDKDLARIAHVSRLRNQSGDEGARKLFAAMGEPEGLTAKAFGNPVSMMTSTNKREWQQAEILSANGTGNARSLARFWQLLAHGGELDGVKLLDSELVSLMQQEHSQGQDRTLLCPTRFGLGVMLEQDAPGGGFGMGPQAFGHPGAGGSLGFCDPEAKVGFGYVTNTMGPYVLMDPRALALSQAVHDCLRELD,[*]OC(C)C(=O)[*],16,390
PET_PCL_PU_PHB_PBS_PLA_PHA,,Polyester_hydrolase,MFIMIKKSELAKAIIVTGALVFSIPTLAEVTLSETTVSSIKSEATVSSTKKALPATPSDCIADSKITAVALSDTRDNGPFSIRTKRISRQSAKGFGGGTIHYPTNASGCGLLGAIAVVPGYVSYENSIKWWGPRLASWGFVVITINTNSIYDDPDSRAAQLNAALDNMIADDTVGSMIDPKRLGAIGWSMGGGGALKLATERSTVRAIMPLAPYHDKSYGEVKTPTLVIACEDDRIAETKKYANAFYKNAIGPKMKVEVNNGSHFCPSYRFNEILLSKPGIAWMQRYINNDTRFDKFLCANENYSKSPRISAYDYKDCP,[*]OCCOC(=O)c1ccc(cc1)C(=O)O[*].[*]OCCCCC(=O)[*].[*]OCCOC(=O)NCCCCCCN(=O)OCCO[*].[*]OC(C)CC(=O)[*].[*]OCCCCOC(=O)CC(=O)O[*].[*]OC(C)C(=O)[*].[*]OC(C)CC(=O)[*],158,319
PHA_PHB,,PHA_depolymerase,MLYQLHEFQRSILHPLTAWAQATAKTFTNPLSPLSLVPGAPRLAAGYELLYRLGKEYEKPAFDIKSVRSNGRDIPIVEQTVLEKPFCKLVRFKRYADDPETIKLLKDEPVVLVAAPLSGHHATLLRDTVRTLLQDHKVYVTDWIDARMVPVEEGAFHLSDYIYYIQEFIRHIGAENLHVISVCQPTVPVLAAISLMASAGEKTPRTMTMMGGPIDARKSPTAVNSLATNKSFEWFENNVIYTVPANYPGHGRRVYPGFLQHAGFVAMNPDRHLSSHYDFYLSLVEGDADDAEAHVRFYDEYNAVLDMAAEYYLDTIREVFQEFRLANGTWAIDGNPVRPQDIKSTALMTVEGELDDISGAGQTAAAHDLCAGIPKIRKQHLNAAHCGHYGIFSGRRWREEIYPQLRDFIRKYHQASATR,[*]OC(C)CC(=O)[*].[*]OC(C)CC(=O)[*],35,419
PHA_PHB,,PHA_depolymerase,MLYHAYQIYADMILPACTLAELAAATLAANPRSGGFDAVPRLRAACELIALVRLTHHRPAFGIDHATVGGQPVPVTEEVVARTPFCSLLHFRRHGIVGQPRVLLVAPMSGHFATLLRGTVQTMLADHDVYLTDWHNPRDIPLLAGRFGFDEFVQHLIGFLQTLGGGTHLVAICQPAVAALAAAALMAEDGDPAQPPSLTLMAGPIDARVNPTKVNALAMSQPLEWFERTLIGMVPLRFAGAMRRVYPGHVQLLAFMSMNPERHEQALRELYALRERGEHDKADAIRDFYIEYFATMDLTAEFYLETVSLVFQRFLLAQGLLDVSGRRVRTRAIHRTALLTVEGERDDICAIGQTVAAQDLCSSLRPYMRMHHVQTGVGHYGVFNGRRWETQVYPLVRNTIYTSS,[*]OC(C)CC(=O)[*].[*]OC(C)CC(=O)[*],35,404
PHA_PHB,,PHA_depolymerase,MLYQLVEYQRALLAPFTAWAASAANAFIDPASPFAYVPGASCFAAGYEMLYRLGRTCEKPSFGIITAIRRDGHVIAVAEQVIVEGPFCRLLRFAPDMGALDPCTAPTPPVLVCAPLAGHHAVMLREVVQALLPEHVVYVTDWNDARRVPVAEGPFHLDDQVAHLQAFIRRIGAEPLHVLAICQATVPALAAVSLLASAGEPTPRSLILVGGPVDARRSPTALGRLAARHSLAWFQRNLIYAVPQPYPGAGRKVCPSFLQLAGLAAAQPERLGEAYWDYCLDLVRCDPVRAKEHRRACDAYHAVLDMAAEFYLDTIQLVFQEFQLARGSWQVRGEAVRPQDIRTTALLTIEGEQDEISGRGQTQAAHDLCQGIAACDKRHLTARQCGHYDLFCGPRWCTDVYPRIRDLTGHDT,[*]OC(C)CC(=O)[*].[*]OC(C)CC(=O)[*],35,412
PHA_PHB,,PHA_depolymerase,MLRDVVQSLLQEHIVYVTDWSNGAIALLASRDEATPTSLTLIGGPIDARRSPTAIGRLASSRSIQWFRRNLVYPVPHPYAGAGRQVCPSFVQLSGLAAAQSSPLWGLCEGYWANLARGDAERANVHWQALLDYSAVLDMAAEFYLDTVRTVFQEFQIAFGTWRVRGQLVRPQDIRSTALLTIEGELDDISGRGQTHAAHDLCRGLSAHDRRLVTIAGCTHYDLFRGPVWHTEVFPWICDMTRDDM,[*]OC(C)CC(=O)[*].[*]OC(C)CC(=O)[*],35,245
PHA_PHB,,PHA_depolymerase,MALYALRELTLQSLGPLGAMIEAGYRAVNFWGESVAWLPGLREADAALELFTRLTKAYGKPSFEIDEVFVRGQRVAVTETALIEEPFCRLLHFRKDMSNPGPRVLLVAPLSGHYATLLRPTVEALLPGHDVYITDWADARLVPLDAGHFDLGCYVDYLKKFLRYLGAGTHIVAVCQPGVPVLCAVAQMAEDNEQVQPRSMTLIAAPIDTRVSPTAVDQFAQQYSLAWFEANVIERVPAGYPGNGRRVYPGFLQLAGFVSMNVAHHAGAHLDFYRHLVDGRQSEAARHRKFYDEYNAVLDVPAEYYLETIQKVFLEHHLCRGRMEVGQRRVYPEAIANVSLLTIEGSEDDITGRGQTEAAHALCAGLAADRKEHLVVDGVGHYGTFAGQRFRESILPAMTQFIQRCAD,[*]OC(C)CC(=O)[*].[*]OC(C)CC(=O)[*],35,407
PHA_PHB,,PHA_depolymerase,MPRSSGAKLWSTLNKAAARNARRLQRAVNQNLTRPMTEAIVRNAVKQSAAVTAATQRALSGVVSPVQAPQNRGSGRWEEGAWGAPVAPRRYRIFVPAGVTASRRAPMLVLLHGCGQDAASFAAVTRAAAVAREAGWVVLLPEQTSQANAQRCWNWFRPGAQGGVEAGLLMALIDQACRGHPVAADRISVLGLSAGGAMALMLGLRYPGRFAAVGSHSGAVPWSASNAAQAARAMRGGHGPDAKAMQALRFGLAGRRPPPLLLLHGDADHVVDFSNATAAAGMWMHLQPEDAHALSAAPARRIQRGMRRAMDVFDWAEGKSPYVRLVRIEGLGHAWSGGAGGQAFSDPAGPDGLKLALRFFLEVGG,[*]OC(C)CC(=O)[*].[*]OC(C)CC(=O)[*],35,365
PHA_PHB,,PHA_depolymerase,MHSTQIPPQQKQKRRLRLTVLAAAASMLAAACVSGDDNNNGNGSNPNTKPANIGTVTINSYNGTTDDLLTAGLGKDGLASATAPLPANPTAPTAAELRRYAIHTNYRAIVDTTASGGYGSLYGPNVDAQGNVTGSDGKVAGVEYLAFSDDGSGQQNVTMLVQIPASFNTSKPCMITATSSGSRGVYGAIATGEWGLKRGCAVAYTDKGTGAAPHDLDTDTVPLIDGTRATRAAAGKNAQFAAPAGATSLADFTAANPHRLAFKHAHSQRNPEKDWGKFTLQAVEFAIWAINDRFGAVSANGTRQRTLDKDRIVVIASSVSNGGGAAVAAAEQDAGGLIDGVAVGEPNLNMPPNTGIVVQRGATPVAASGRTLYDYTTTANLLQHCAARATALTQAPFYTNPATATFFANRCQTLAEKGLVSGANTDEQSASALQALHDAGWEAESDDLHPSLAVFDVAAAISVNYANAYAQASVTDRLCGYSFASTLTDLKPAAIAPAALASMFATGNGVPPQPPVQLINDLDPQHGPYLNLASVSPSTLREDLNYDGANCLRSLLAGSDAAARALQAGQALTLRNGNLRGKPAVIVHGRSDGLLPVNHTSRPYLGLNRQQEGVTSKLSYVEVENAQHFDAFIGLVPGYSNRYVPLHVYLNRALDAVYDNLTAGKALPPSQVLRTTPRGGTLNTPAPALLPSNVPPFAASPAAGNAITVNANAVQVPD,[*]OC(C)CC(=O)[*].[*]OC(C)CC(=O)[*],35,718
PHA_PHB,,PHA_depolymerase,MSASPRLGFVQCISPAGLHRMAYHEWGDPANPRVLVCAHGLTRTGRDFDTVASALCGDYRVVCPDVAGRGRSEWLADANGYVVPQYVSDMVTLIARLNVEKVDWFGTSMGGLIGMGLAGLPKSPVRKLLLNDVGPKLAPSAVERIGAYLGLPVRFKTFEEGLAYLQTISASFGRHTPEQWRELNAAILKPVQGTDGLEWGLHYDPQLAVPFRKSTPEAIAAGEAALWRSFEAIEGPVLVVRGAQSDLLLRETVAEMVARGKHVSSVEVPDVGHAPTFVDPAQIAIAPQFFTGA,[*]OC(C)CC(=O)[*].[*]OC(C)CC(=O)[*],35,293
PHB_PHA,,PHB_depolymerase,MTKSFAADWHAQIRRLSRAQARTEAQVKSWLDRVDSLNPLTPARPDRPPGKVRPARPAPAPGSLPGTWQAHRLRLAPLPGELVPQLSYHLYIPSKAHRGPLPVVVVLHGCRQTPDDLSAGTRMNALAEREGFIVAYPQQPLRRQVQRCWQWFDLGAAEGGREAQAVAALIDALAARHDVREREIYLAGMSAGAAMAAVVALRYPGKVAAAALHSGVVIGAADNPRAGLRAMQQGSAADPSWLLDAAGVTPGGPEMPALVIHGLADDAVHPVNGRLLARQFLAYNGLEDRLAGAPAQSGPEDEAPGRSHEYRFGRWRRDLVTLVEVEGLGHAWSGGDASYGYHSDIGPDASTMMWQFFSQHRR,[*]OC(C)CC(=O)[*].[*]OC(C)CC(=O)[*],35,362
Nylon,,Hydrolase,MSKVDLWQDATAQAELVRSGEISRTELLEATIAHVQAVNPEINAVIIPLFEKARRESELASGPFAGVPYLLKDLTVVSQGDINTSSIKGMKESGYRADHDAYFVQRMRAAGFVLLGKTNTPEMGNQVTTEPEAWGATRNPWNLGRSVGGSSGGSGAAVAAALSPVAHGNDAAGSVRIPASVCGVVGLKPTRGRISPGPLVTDSDNVAGAAHEGLFARSVRDIAALLDVVSGHRPGDTFCAPTASRPYAQGISENPGSLRVGVLTHNPVGDFALDPECAAAARGAAAALAALGHDVNDAYPEALGDRSFLKDYSTICDVAIAREIERNGELIGRPLTEDDVEWTSWEMVKRADQVTGRAFAACVDELRYYAGKVERWWEAGWDLLILPTVTRQTPEIGELMLAKGTDLEGRQSAFISGSLQMLAFTVPFNVSGQPAISLPIGMSSDGMPIGVQIVAAYGREDLLLQVAAQLEGALPWVARRPQLLNPSRKIPAA,NCCCCNCCCC(=O)O,15,493
Nylon,,Hydrolase,MNARSTGQHPARYPGAAAGEPTLDSWQEAPHNRWAFARLGELLPTAAVSRRDPATPAEPVVRLDALATRLPDLEQRLEETCTDAFLVLRGSEVLAEYYRAGFAPDDRHLLMSVSKSLCGTVVGALIDEGRIDPAQPVTEYVPELAGSVYDGPSVLQVLDMQISIDYNEDYVDPASEVQTHDRSAGWRTRRDGDPADTYEFLTTLRGDGGTGEFQYCSANTDVLAWIVERVTGLRYVEALSTYLWAKLDADRDATITVDQTGFGFANGGVSCTARDLARVGRMMLDGGVAPGGRVVSQGWVESVLAGGSREAMTDEGFTSAFPEGSYTRQWWCTGNERGNVSGIGIHGQNLWLDPRTDSVIVKLSSWPDPDTRHWHGLQSGILLDVSRALDAV,NCCCCNCCCC(=O)O,15,392
Nylon,,Hydrolase,MNTTPVHALTDIDGGIAVDPAPRLAGPPVFGGPGNDAFDLAPVRSTGREMLRFDFPGVSIGAAHYEEGPTGATVIHIPAGARTAVDARGGAVGLSGGYDFNHAICLAGGAGYGLEAGAGVSDALLERLEHRTGFAELQLVSSAVIYDFSARSTAVYPDKALGRAALEFAVPGEFPQGRAGAGMSASAGKVDWDRTEITGQGAAFRRLGDVRILAVVVPNPVGVIVDRAGTVVRGNYDAQTGVRRHPVFDYQEAFAEQVPPVTEAGNTTISAIVTNVRMSPVELNQFAKQVHSSMHRGIQPFHTDMDGDTLFAVTTDEIDLPTTPGSSRGRLSVNATALGAIASEVMWDAVLEAGK,NCCCCNCCCC(=O)O,15,355
Nylon,,Nylon_hydrolase,MNTTPVHALTDIDGGIAVDPAPRLAGPPVFGGPGNAAFDLVPVRSTGRETLRFDFPGVSVGSAHYEEGPTGATVIHIPAGARTAVDARGGAVGLSGGYDFNHAICLAGGASYGLEAGAGVSGALLERLEYRTGFAEAQLVSSAVIYDFSARSTAVYPDKALGRAALEFAVPGEFPQGRAGAGMSASAGKVDWDRTEITGQGAAFRRLGDVRILAVVVPNPVGVIMDRAGGIVRGNYDAQTGVRRHPVFDYQEAFAEQLPPVTQAGNTTISAIVTNVRMSPVELNQFAKQVHSSMHRGIQPFHTDMDGDTLFAVTTDEIDLPTTPGSSRGRLSVNATALGAIASEVMWDAVLEAAK,NCCCCNCCCC(=O)O,15,355
Nylon,,Polyamidase,MDVAEYAAHDATGLAELIREGQVSAAEVWTAAATALDAVEPELAAVAGERFDKPLDYDESGPFAGVPFALKDLIAHAGGVPSRSGSRLFGAGVAHPEDTHLVARFRRAGLAIGAITRSPEFGFNATTEAIAYGGPSRNPWATDRSPGGSSGASAALVASGALPMAHANDGGGSIRIPAAACGAVGLKPSRGRTTPGPDFADPLLGLGIEFAVTRTVRDCARLLDAVHGAEPGDRYLLPGPVRSYAEHAAAGSRPLRIAVTTTPMDAGRAVDPECVAAVNRVAERLAELGHVVEEAAPELDVAAFDKANLDAWCSFLADAVLGASAQLGVQPSREYLEATTLACVEYGKTLSAFDIFTADRVFNQTTRAVAGFLTRYDVLLTPTTSAPPIPLGHLDADDASLSAREWYDRIFDYGSFTALFNVTGMPAISLPLAESTAGLPIGIQFAGRYGDEATLLALAGDLERAMPWADRRPAVHVGR,NCCCCNCCCC(=O)O,15,479
PET,,Esterase,MTEPLILQPVKPADACVIWLHGLGADRYDFLPVAEALQESLLSTRFVLPQAPTRPVTINGGYAMPSWYDIKAMSPARAIDRDELEASADRIIELIEEQRSSGIDASRIFLAGFSQGGAVVYHTAFLKWQGPLGGVLALSTYAPTFSDELELSASQQRIPVLSLHGQFDNVVQNSMGRTAYEYLKAHGVTVTWQEYPMEHEVLPEEIRDIGTWLSERLR,[*]OCCOC(=O)c1ccc(cc1)C(=O)O[*],31,218
PET,,Hydrolase,MKALTFSKSFLSAIAAGALMLSASAMANNPPPPDDPGAPSPYQRGPDPTVSFVEASRGNYRVATSNVSSLVSGFGGGTIHYPSNATGTMGAIVVIPGYVSGEGSIDWWGPKLASYGFVVMTIGTNSGFDQPPSRARQINNALDYLVEQNTRTGSPVRGMIDPSRLGVIGWSMGGGGTIRVAGEGRIKAAIPLAPWDTSSIPSRGVQAPTLIFACQSDVVAPVRSHASPFYNALPGSISKAFVNLNNGNHFCANGGSSFGRYDAALGRLGVSWMKRFLDEDRRYSQFLCGPNHTGDRQITEYRGNCPY,[*]OCCOC(=O)c1ccc(cc1)C(=O)O[*],31,307
PET,,Hydrolase,MFGKLPFARASLAVGALLLSAAAVAQTNPYQRGPDPTVSSLEATRGPFSTSSFTVSRPSGYGAGTVYYPTNAGGKVGAIAVVPGYTARQSSINWWGPRLASHGFVVITIDTNSTLDQPSSRSSQQMAALRQVVSLAGTSSSPIYNKVDTARLGVMGWSMGGGGSLISAKNNPSLRAAAPQAPWAQESFSSVTVPTLIVSCENDSIAPNSSHSFPFYNQMTRNKKANLVINGGSHSCANSGNSDAGLIGKYGVAWMKRFMDDDTRYSKFLCGAEHQADLSKRAVEAYKENCPY,[*]OCCOC(=O)c1ccc(cc1)C(=O)O[*],31,292
PHA,,PHA_depolymerase,MPQPYIFRTVELDNQSIRTAVRPGKPHLTPLLIFNGIGANLELVFPFIDALDPDLEVIAFDVPGVGGSSTPRNPYRFPGLAKLTARMLDYLDYGQVNVIGVSWGGALAQQFAHDYPERCKKLVLAATAAGAVMVPGKPKVLWMMASPRRYVQPSHVIRIAPMIYGGGFRRDPDLAMHHAAKVRSGGKLGYYWQLFAGLGWTSIHWLHKIRQPTLVLAGDDDPLIPLINMRLLAWRIPNAQLHIIDDGHLFLITRAEAVAPIIMKFLQEERQRAVMHPRPASGG,[*]OC(C)CC(=O)[*],17,283
PBAT_PBS_PBSA_PCL_PES,,Hydrolase,MKRRLIAYSIAALAISATAVALPTGVASAAPCSDVDVSFARGTGELPGLGITGTPFVNSVKSQLSDRSVSTYAVNYAADFTQASAGPGSRDLVAHLNSVAASCPSTKFVIGGYSQGATVVTNAVGLRTPSSFTGAVIPAAIADRIEAVVVFGNPFGLTGRKIETASSTYGSRTNSFCNFGDPVCQIGGFNTFAHLTYGTNGSTTQGASFAAAQVRS,[*]OCCCCOC(=O)CC(=O)O[*].[*]OCCCCOC(=O)CC(=O)O[*].[*]OCCCCC(=O)[*].[*]OCCOC(=O)CC(=O)O[*],89,216
PBAT_PBSA_PES_PCL,,Hydrolase,MKVILFKKRSLQILVALALVIGSMAFIQPKEVKAAEHNPVVMVHGIGGASYNFASIKSYLVGQGWDRNQLYAIDFIDKTGNNRNNGPRLSKFVQDVLDKTGAKKVDIVAHSMGGANTLYYIKNLDGGDKIENVVTIGGANGLVSSRALPGTDPNQKILYTSVYSSADLIVVNSLSRLIGAKNVLIHGVGHIGLLTSSQVKGYIKEGLNGGGQNTN,[*]OCCCCOC(=O)CC(=O)O[*].[*]OCCOC(=O)CC(=O)O[*].[*]OCCCCC(=O)[*],64,215
PE,,Laccase,MASSALGHSSRSGSQGATINSDQNTHKVPILTGKEFDLYVSKQSAIVNGKKSMATLINNSLPAPTLKMREGDTVVIRVHNQMDESTSIHWHGLLVPFEMDGVPGISFDGIPANSTFTYKFKLKQSGTYWYHSHSGFQEQTGMLGAIVIEPKGRERHPIEEDHVIVLSDWTSRNPHNLLKLLKQRADFDNYHLPDFKKLLSDIAETDMKTAFDKRKMWNQMRMMPTDFTDLSGENTFTYLINGKTTAANWAQIVKAGQRVKLRFINASAQTIFDVRIPGLKMTVVATDGIDVAPVAIDDFRIGVAETYDVIVTPTKDAHTIFAQNIDRSGYVAATLATKEGARAATPAMDKIEWLTMADMMGAMGADGYKAKHAKTEYDFKSDMRVDSPRMNLDDPGINLRNIDRKVLNYSQLRSVDEAIFAEQRKPTREIELHLTGNMERYIWAFDGVKFSEATPVNIKPNERVRITLVNDTMMNHPMHLHGMWSDLRMPNGEFQVRKHTIMVQPAQKISFDVTGEAGRWAWHCHLLYHMEAGMFREVAVI,[*]CC[*],8,541
PLA_PHA_PES_PCL,,Lipase,MTMTLLYRDMNQAQLDAAYNNTQAVPDFPGIYAALQARSASFYASAAGRLNLPYGTAPRQRYDWLPCGKADAPTLIFIHGGYWQNCSKEDFAFIAAGPLAAGFNIVLAEYTLAPQASMTQIVSEIGSLLEHLQADADQLGIAGHKVVLSGHSAGGHLALQFRSHPWVTDVLAISALVDLEPISLSWLNEKLSLSEAEIDAYSPLYHIDKGANTWVAVGADELSELVRQSDEYAKQALARGESVQLIHVPGCTHFSVLDEMAKPQGALLQALSSIR,[*]OC(C)C(=O)[*].[*]OC(C)CC(=O)[*].[*]OCCOC(=O)CC(=O)O[*].[*]OCCCCC(=O)[*],74,275
PLA_PHA_PES_PCL,,Lipase,MSTLSWVRGVNGTLGWVAPTLVASKMRLAFMTPRERLPRDWELPLLARSERITLRFGLSALRWGQGPAVLLMHGWEGRPTQFASLIDALVGAGYSVVALDGPAHGRSPGHEANVMLFARAMLEAAAELPPLRAVIGHSMGGASAMLAVQLGLRTETLVSIAAPARILGVLRGFARYVRLPPKARSAFIRQVEQDVGMRAAAMDVAHYQLDMPGLIVHAEDDNFVPVKESDLIHEAWFDSRLLRLKEGGHQRVLADPRVIEGVLTLLAGRSLQARQSA,[*]OC(C)C(=O)[*].[*]OC(C)CC(=O)[*].[*]OCCOC(=O)CC(=O)O[*].[*]OCCCCC(=O)[*],74,277
PET_PBSeT_PBAT_Ecovio-FT,,PETase,MFRTIAKNPVRSLIAAGSLLLSASAFAAGGGGDGGDGGCTSDCGFQRGPDPTVSFLEASSGPYSVRTDNVSSLVGGFGGGTVHYPTGTTGTMAAVVVIPGFVSAESSIEWWGPKLASYGFVVMTIDTNSGFDQPPSRATQINNALDYLLEENDSSSSPYSGMIDPNRLGVIGWSMGGGGTLRVAAEGRIQAAIPLAPWDTSSLRFRNIETPTLIFACESDVIAPVGSHADPFYEAIPDSTDKAFFELNNGSHYCGNGGNSYNNELGRLGVSWMKLHLDQDQRYNQFLCGPDHEDEYRISEYRGTCPY,[*]OCCOC(=O)c1ccc(cc1)C(=O)O[*],31,307
PET_PBSeT_PBAT_Ecovio-FT,,PETase,MFNQIGKKSALSLMAAGSLMFSATALAIGGGGSGGGNNGGGGGCEADCGYERGPDPSVSLLEASTGPFSVRTSNVSSSVRGFGGGTIHYPTNTTGTMAAIVVIPGFVSPESSIAWWGPKLASHGFVVMTIGTNSGFDQPASRASQLNNALDYLIEQNGSSRSPINGMIDTDRLGVMGWSMGGGGTLRVATEGRVSAAIPLAPWDSSSSQFRSIDTPTLIFACENDSTAPVRSHADPFYDAIPDSTAKAFVELDGGGHTCANGSSGFGGSYNDVLSRLGVSWMKLHLDKDQRYNQFVCGPNHESDRSISEYRGTCPY,[*]OCCOC(=O)c1ccc(cc1)C(=O)O[*],31,316
PET,,PETase,MQSPAQSSAPTVELDSGAIAGSTADGVVSFKGIPYAAPPVGNLRWRAPQPVASWTGVRAATEYGYDCIQLPLEGDAAASGGEMSEDCLVLNVWRPAEIAPGERLPVLVWIHGGGFLNGSAAAPIYDGTAFAQQGLVVVSFNYRLGRLGFFAHPALTAANEGPLGNYGLMDQIAALEWVQRNIAAFGGDPARITLMGQSAGGISVMYHLTAPESQGLFHQAAVLSGGGRTYLLGLRNLRESTDALPSAEQSGLAFGRRFGIRGRGRAALRSLRSLSAEEVNGDLSMAALVEKPADYAGLEHHHHHH,[*]OCCOC(=O)c1ccc(cc1)C(=O)O[*],31,305
PET,,PETase,MVDITGNGMAATAPTDERIVDKPLPQPQIRSGNVRAMPAARKLAQEHGIDLSTLTGSGPGGVIVKEDVERAITARAVPVSPLQRVNFYSAGYRLDGLLYTPRHLPAGERRPGVVLLVGYTYLKTMVMPDIAKVLNAAGYVALVFDYRGFGESEGPRGRLIPLEQVADARAALTFLAEQSMVDPDRLAVIGISLGGAHAITTAALDQRVRAVVALEPPGHGARWLRSLRRHWEWRQFLSRLAEDRRQRVLSGGSTMVDPLEIVLPDPESQAFLDQVAAEFPQMKVTLPLESAEALIEYVSEDLAGRIAPRPLLIIHSDADQLVPVAEAQAIAERAGSSAQLEIIPGMSHFNWVMPGSPGFTRVTDSIVKFLRNTLPVSADNLEHHHHHH,[*]OCCOC(=O)c1ccc(cc1)C(=O)O[*],31,388
PET,,PETase,MVPSAGVGLSGVLHLPAGVSRPVLFLHGFTGNKTESGRLYTDMARVLCSAGYAALRFDFRGHGDSPLPFEEFRISLAVEDARNAAGFLKNVPEVDGTRFGVVGLSMGGGVAVSLAAGREDVGALVLLSPALDWPELFQRARGFFRAEEGYVYWGPHRMRDVYAMETMNFSVMGLAEEIQAPTLIIHSVDDMVVPISQAKRFYEKLKVEKKFIEIEHGGHVFDDYNVRRRIEQEVLDWVKRHLLEHHHHHH,[*]OCCOC(=O)c1ccc(cc1)C(=O)O[*],31,250
PET,,PETase,MLIRPVTFRNMNQQIIGILHTPDNIRLNEKVPGILMFHGFTGNKTEAHRLFVHVARSLSEHGFIVLRFDFRGSGDSDGEFEDMTLPGEVSDAERALTFLLRQRNVDKNRIGVIGLSMGGRVAAILASKDRRVKFAVLYSPALGPLRDRSLSFMSKEKIERLNSGEAVEFFAEGWYIKKAFFETVDYIVPLDIMDSIKVPVLIVHGDKDPLIPVGEAIRAYEKIKGVNEKNELYIVRGGDHTFSKKEHTLEVIKKTLDWIRSLGILEHHHHHH,[*]OCCOC(=O)c1ccc(cc1)C(=O)O[*],31,272
PET,,PETase,MARAAPISPLQRVNFYSAGYRLDGLLYTPRHLPAGERRPGVVLLVGYTYLKTMVMPDIAKVLNAAGYVALVFDYRGFGESEGPRGRLIPLEQVADARAALTFLAEQSMVDPDRLAVIGISLGGAHAITTAALDQRVRAVVAIEPPGHGAHWLRSLRRHWEWSQFLSRLTEDRRQRVLSGVSSTVDPLEIVLPDPESQAFLDQVAAEFPQMKVTLPLESAEALIEYVPEDLAGRIAPRPLLLEHHHHHH,[*]OCCOC(=O)c1ccc(cc1)C(=O)O[*],31,248
PET,,PETase,MQPYPVGTRTITYQDPVRNNRNIQTYLYYPATAAGANQPVAGGQFPVVVVGHGFTMNYAPYAFWGNALAESGYIVAIPNTETGFSPSHSAFAADMAFLVAKLYTENTNSSSPFYQHVQYNSCIIGHSMGGGCTYLAAQNNADVSATVTFAAAETNPSATAAAANVNCPSLVFSGSADCITPPAQHQVPMYNALPDCKAYGGSSRVDLQACKLEHHHHHH,[*]OCCOC(=O)c1ccc(cc1)C(=O)O[*],31,219
PET,,PETase,MQVIQQTVTLQKTQLRLTKEGFVTNYRFPVDFYYPDSPESFPVILISHGFGSVRENFRTLAQHLASHGFLVAVPQHIGSDLQYRQELIKGTLSSALSPVEFLARPTDLSTIIDYLQATQNTGSWQKRANLQQIGVIGDSLGGTTALTIGGAPLDIPRLQTKCTSDNVIVNVALILQCQASFLPPSEYNLADSRVKAVIATHPLISGIFSPDSLAKIQIPVMITAGNFDIITPLEHHHHHH,[*]OCCOC(=O)c1ccc(cc1)C(=O)O[*],31,240
PET,,PETase,MQTVTSMLKDLDAVITQVSEKFPQIDNKRVCLIGHSQGAYVSFLHATKDERIKCLVSWMGRLSDLKEFWSKLWFDEIERKGYIYEWDYKITKKYVRDSLKYNLSKAAWRIKVPTLLIYGELDDIVPPSEGMKFYRNIKSPKKIVIVKDLNHTFSGEKAKKSVIRITLKWLSKWLKRLDLEHHHHHH,[*]OCCOC(=O)c1ccc(cc1)C(=O)O[*],31,186
PET,,PETase,MANPPGGDPDPGCQTDCNYQRGPDPTDAYLEAASGPYTVSTIRVSSLVPGFGGGTIHYPTNAGGGKMAGIVVIPGYLSFESSIEWWGPRLASHGFVVMTIDTNTIYDQPSQRRDQIEAALQYLVNQSNSSSSPISGMVDSSRLAAVGWSMGGGGTLQLAADGGIKAAIALAPWNSSINDFNRIQVPTLIFACQLDAIAPVALHASPFYNRIPNTTPKAFFEMTGGDHWCANGGNIYSALLGKYGVSWMKLHLDQDTRYAPFLCGPNHAAQTLISEYRGNCPYLEHHHHHH,[*]OCCOC(=O)c1ccc(cc1)C(=O)O[*],31,290
PET,,PETase,MTTPTPTPEPEPEPPGGCGDCYQRGPDPTVAALEADRGPYSVRTINVSSWVSGFGGGTIHYPVGTQGTMGAIAVIPGYVSYENSIEWWGGRLASWGFVVITIDTNSIYDQPDSRANQLSAALDYVIAQSNSSRSAIQGMVDPNRLGAIGWSMGGGGTLKLSTDRYLKAAIPQAPWYSGFNPFDEITTPTLIIACQLDAVAPVAQHASPFYNEIPNSTAKAFLEIRNGDHFCANSGYPDEDILGKYGVAWMKRFIDDDRRYDAFLCGPNHEAEWDISEYRDTCNYLEHHHHHH,[*]OCCOC(=O)c1ccc(cc1)C(=O)O[*],31,292
PET,,PETase,MQADTDTTAVAPAAANPYERGPAPTEASVTAARGPFAIAQVNVPSGSGAGFNDGTIYYPTDTSQGTFGAVAVIPGFISPQAVIQWFGPRLASQGFVVFTLDSNGLADLPDARGRQLLAALDYLTTQSTVRTRIDPNRLAVMGHSMGGGGTLLAAENRPTLKAAIPLAPWEPDTSWEGVKVPTMIIGGESDVVAPVSSMAIPDYNSLSSAPEKAYLELRSGDHLAPASESPTVAEYALSWLKRFVDDDTRYDQFLCPGPTPDTDISQYLDTCPNGSLEHHHHHH,[*]OCCOC(=O)c1ccc(cc1)C(=O)O[*],31,283
PET,,PETase,MADNPYQRGPDPTRDSVAASRGTFATASTTVGSGNGFGAGFIYYPTDTSQGTFGAVAIVPGYTATWAAEGAWMGHWLASFGFVVIGIDTINRNDWDTARGTQLLAALDYLTQRSTVRDRVDASRLAVMGHSMGGGGAMYAALQRPSLKAAVGLAPFSPSQNLNGMRVPTMLLAGQHDTTTTPASITSLYNGIPAATEKAYLELSGAGHGFPTSNNSVMMRKVIPWLKIFVDSDVRYTQFLCPLMDNTGIRSYQSTCPLLPGTPTPPNRYEAETSPAVCTGTIASNHTGYSGTGFCDGNNATNAYAQFTVNASAAGSMTLRVRFANGTTTARPASLIVNGSTVQTPSFEGTGAWTTWATKTLTVTLNAGNNTIRFNPTTANGLPNLDYIEIAAPLEHHHHHH,[*]OCCOC(=O)c1ccc(cc1)C(=O)O[*],31,401
PET,,PETase,MGDCPATAICRSESPGAYSGNGPYGSRSYTLSRFQTPGGATVYYPANAEPPYAGMVFTPPYTGTQAMFAAWGPFFASHGFVLVTMDTSTTLDSVDQRAAQQKEVLNALKSENTRSGSPLRGKLDTARLGAVGWSMGGGATWINSAEYSGLKTAMSLAGHNLTAVDIDSKGYNTRVPTLLFNGAQDLTYLGGLGQSDGVYNNIPAGIPKVFYEVSSAGHFDWGSPTAANRSVASLALAFHKAYLDGDTRWLQYITRPSSDVTTWRTANIRLEHHHHHH,[*]OCCOC(=O)c1ccc(cc1)C(=O)O[*],31,277
PET,,PETase,MSQVPPTPPTDDPMGDCPSTAICRGEAPGSYSGNGPYGSRSYTLSRFQTPGGATVYYPSNAEPPYSGLVFTPPYTGTQAMFRAWGPFFASHGIVLVTMDTSTTVDTVDQRASQQKRVLDVLKQENTRSGSPLRGKLDTSRLGAVGWSMGGGATWINSAEYNGLKTAMSLAGHNMTAIDLDSKGGNTRVPTLLFNGALDLTMLGGLGQSIGVYNAIPRGIPKVIYEVASAGHFDWGSPTAANRSVAGIALAFHKTFLDGDTRWVSYIKRPSSDVATWRTENLPQLEHHHHHH,[*]OCCOC(=O)c1ccc(cc1)C(=O)O[*],31,291
PET,,PETase,MESPYERGPDPTSASVLDNGTFSLSSTSVSSLVTGFGGGTIYYPTSTTQGTFGGVVLAPGYTASSSSYSSVARRVASHGFVVFAIDTNSRYDQPDSRGSQILAAVSYLKNSASSTVASRLDETRIAVSGHSMGGGGTLAAANQDSSIKAAVALQPWHTDKTWPGIQIPTMIIGAENDSVAPVASHSIPFYTSMTGAREKAYGEINNGDHFIANTDDDWQGRLFVTWLKRYVDDDTRYSQFLCPAPSSIYLSDYRNTCPDLEHHHHHH,[*]OCCOC(=O)c1ccc(cc1)C(=O)O[*],31,267
PET,,PETase,MQAQYQKGPDPTASALERNGPFAIRSTSVSRTSVSGFGGGRLYYPTASGTYGAIAVSPGFTGTSSTMTFWGERLASHGFVVLVIDTITLYDQPDSRARQLKAALDYLATQNGRSSSPIYRKVDTSRRAVAGHSMGGGGSLLAARDNPSYKAAIPMAPWNTSSTAFRTVSVPTMIFGCQDDSIAPVFSHAIPFYNAIPNSTRKNYVEIRNDDHFCVMNGGGHDATLGKLGISWMKRFVDNDTRYSPFVCGAEYNRVVSSYEVSRSYNNCPYLEHHHHHH,[*]OCCOC(=O)c1ccc(cc1)C(=O)O[*],31,278
PET,,PETase,MSNPYERGPAPTESSVTAVRGYFDTDTDTVSSLVSGFGGGTIYYPTDTSEGTFGGVVIAPGYTASQSSMAWMGHRIASQGFVVFTIDTITRYDQPDSRGRQIEAALDYLVEDSDVADRVDGNRLAVMGHSMGGGGTLAAAENRPELRAAIPLTPWHLQKNWSDVEVPTMIIGAENDTVASVRTHSIPFYESLDEDLERAYLELDGASHFAPNISNTVIAKYSISWLKRFVDEDERYEQFLCPPPDTGLFSDFSDYRDSCPHTTLEHHHHHH,[*]OCCOC(=O)c1ccc(cc1)C(=O)O[*],31,271
PET,,PETase,MAEPADVHGPDPTEESITAPRGPFEVDEESVSRLSVSGFGGGTIYYPTDTTDGLFSAVSISPGFTGTQETMAWYGPRLASQGFVVFTIDTITTTDQPDSRARQLQASLDYLVNDSDVKDIIDPARLGVMGHSMGGGGSLKAALDNPALKAAIPLTPWHTTKDFSGVQTPTLIIGAQNDTVAPVSQHAKPFYESLPDDPGKAYLELAGASHLAPNTDNTTIAKFSIAWLKRFLDDDTRYDQFLCPPPENDDSISDYQSTCPYLEHHHHHH,[*]OCCOC(=O)c1ccc(cc1)C(=O)O[*],31,269
PET,,PETase,MANPYERGPNPTDALLEARSGPFSVSEENVSRLSASGFGGGTIYYPRENNTYGAVAISPGYTGTEASIAWLGKRIASHGFVVITIDTITTLDQPDSRAEQLNAALNHMINRASSTVRSRIDSSRLAVMGHSMGGGGSLRLASQRPDLKAAIPLTPWHLNKNWSSVRVPTLIIGADLDTIAPVLTHARPFYNSLPTSISKAYLELDGATHFAPNIPNKIIGKYSVAWLKRFVDNDTRYTQFLCPGPRDGLFGEVEEYRSTCPFLEHHHHHH,[*]OCCOC(=O)c1ccc(cc1)C(=O)O[*],31,270
PET,,PETase,MAANPYERGPNPTDALLEARSGPFSVSEENVSRLSASGFGGGTIYYPRESNTYGAVAISPGYTGTEASIAWLGERIASHGFVVITIDTITTLDQPDSRAEQLNAALNHMINRASSTVRSRIDSSRLAVMGHSMGGGGTLRLASQRPDLKAAIPLTPWHLNKNWSSVTVPTLIIGADLDTIAPVATHAKPFYNSLPSSISKAYLELDGATHFAPNIPNKIIGKYSVAWLKWFVDNDTRYTQFLCPGPRDGLFGEVEEYRSTCPFLEHHHHHH,[*]OCCOC(=O)c1ccc(cc1)C(=O)O[*],31,271
PET,,PETase,MANPYERGPNPTESMLEARSGPFSVSEERASRLGADGFGGGTIYYPRENNTYGAIAISPGYTGTQSSIAWLGERIASHGFVVIAIDTNTTLDQPDSRARQLNAALDYMLTDASSSVRNRIDASRLAVMGHSMGGGGTLRLASQRPDLKAAIPLTPWHLNKSWRDITVPTLIIGADLDTIAPVSSHSEPFYNSIPSSTDKAYLELNNATHFAPNITNKTIGMYSVAWLKRFVDEDTRYTQFLCPGPRTGLLSDVDEYRSTCPFLEHHHHHH,[*]OCCOC(=O)c1ccc(cc1)C(=O)O[*],31,270
PET,,PETase,MANPYERGPDPTQASLEASRGPFPVSEERVSSPVSGFGGGTIYYPQENNTYGAVAISPGYTATQSSVAWLGERIASHGFVVITIDTNTTLDQPDSRADQLEAALDHMVDGASSTVRSRIDRNRLAVMGHSMGGGGTLRLASRRPDLKAAIPLTPWHLNKSWSNVQVPTLIIGAENDTVAPVALHAEPSYTSIPTSTRKAYLELNGASHFAPSVANATIGMYGVAWLKRFVDEDTRYTRFLCPGPRTGLFSDVEEYRSTCPFLEHHHHHH,[*]OCCOC(=O)c1ccc(cc1)C(=O)O[*],31,269
PET,,PETase,MANPYERGPNPTNSSIEALRGPYSVSEDSVSSLVSGFGGGTIYYPTGTNETFGAVAISPGYTGTQSSISWLGPRLASQGFVVMTIDTNTTLDQPDSRASQLDAALDYMVNRSSSTVRNRIDLEHHHHHH,[*]OCCOC(=O)c1ccc(cc1)C(=O)O[*],31,129
PET,,PETase,MANPYERGPNPTDALLEARSGPFSVSEENVSRFGADGFGGGTIYYPRENNTYGAVAISPGYTGTQASVAWLGERIASHGFVVITIDTNTTLDQPDSRARQLNAALDYMINDASSAVRSRIDSSRLAVMGHSMGGGGTLRLASQRPDLKAAIPLTPWHLNKNWSSVRVPTLIIGADLDTIAPVLTHARPFYNSLPTSISKAYLELDGATHFAPNIPNKIIGKYSVAWLKRFVDNDTRYTQFLCPGPRDGLFGEVEEYRSTCPFALELEHHHHHH,[*]OCCOC(=O)c1ccc(cc1)C(=O)O[*],31,273
PVA,,Polyvinylalcohol dehydrogenase,MGSHAWGGAVFSAATLIAFGSVVHASGTVAETAPQSGHAVPADQLDGETLYKARCAACHDNAEGRTPSREVLSKNPASFILASMRTGAMVPMAEGLTLEEMTAIARAVGKADAKTDDGIDLRRIWGNSVEGTPLDAPQCSSAPTPVDLGAANQWNGWSTEKDNGRFQRKPALDVADIPKLKLKWAFQYPGSKNGQATVIGDRLFTTSTSGAVYALNAKTGCVYWRHAAEGATRTSPVIAALPEGAPAKTALFFSDFTKAAVALDAETGKQLWKTVVDDQPALQMTGSITYWDGKIYVPISSGTEAFAQIPTWECCKFRGALVALDAATGKILWKRYTTEQEPRPFKLNKAGRQMWGPSGGAIWVTPTVDEARRLIYVGTSNSYTDVPYDNSDSVMAIDADTGAVRWTVQLLADDNYIDGCWQKGKEHANCPNPLGPDFSIGAAPIYRKMADGKEFLLVGQKSGMIYALDPANKGAKIWERQLSLGSALGGIEFGTAADDGKVYAGVSDIASQAKDRGKPGLWALDIRTGEVAWNFLNAPDTKCRWNNWWCHGAFSQAISVIPGAIFAGSYDGHFRAFDTATGKIIWDVDTGTKAVTTLSGAKAFGGVMDGAGPTIAGGMVYVHSGYAGRSSESGGRDLRGTDGNILMAFSVDGK,CCO,3,654
PET,,Cutinase,MKFSIISTLLAATASALPAGQDAAALEARQLGGSITRNDLANGNSGSCPGVIFIYARGSTESGNLGTLGPRVASKLEAKYGKNGVWIQGVGGAYRATLGDNALPRGTSSAAIREMLGHFSDANQKCPDAVLIAGGYSQGAALAAASVTDVDAGIREKIAGVVLFGYTKNLQNRGKIPSYPEDRTKVFCNTGDLVCTGSLIVAAPHLAYQSAASGAAPEFLIQKADAAGAA,[*]OCCOC(=O)c1ccc(cc1)C(=O)O[*],31,230
PLA,,Cutinase-like enzyme,MLVSALALAVLSAASLGRAAPTPESAEAHELEARATSSACPQYVLINTRGTGEPQGQSAGFRTMNSQITAALSGGTIYNTVYTADFSQNSAAGTADIIRRINSGLAANPNVCYILQGYSQGAAATVVALQQLGTSGAAFNAVKGVFLIGNPDHKSGLTCNVDSNGGTTTRNVNGLSVAYQGSVPSGWVSKTLDVCAYGDGVCDTAHGFGINAQHLSYPSDQGVQTMGYKFAVNKLGGSA,[*]OC(C)C(=O)[*],16,239
PHA,,PHA depolymerase,MTTYKGLRGIISYDAMETIRNTNEWMGASARALSSYPAFALMPNPLFKLMSAWGRVTERSFARMVIKPDWEIPPVVSEDGQDHVVYIEPVIERPFGDLVHFRVARRAPQARKVLLVAPMSGHYATLLRTTVTSLLPDCEVYVTDWHNARDIPVSCGKFDVDDYTQYLVDFIRHLGPDTNVIAVCQPAPLALAATALLAEEDPKAQPRSLILIGGPIDPDAAATEVTDFGNRITMGELDYLMIQQVGFKYRGAGRMVYPGLAQLSSFIAMNAETHAKAFLDKIFAEARGQGSEGDKHNTFYDEYLAVMDMTAEFYLSTVERIFKEREIARNCFTVNGKPVDLGKITDVAVMTVEGANDDISAPGQCVAALALCTGVPESRKTQHLEPGAGHYGIFAGKSWRLNIRPLVLDFIDEQLQPTGQRKRRRSGPVPVDCGVTNFSEQDAKIAV,[*]OC(C)CC(=O)[*],17,447
PLA,,PLA depolymerase,METVKGVHLAIAALLFLCVLPGNADASEKQFDLVLVHGLTNKHRWSDSFLRALVNEWGSGNVYVIYTNQSMQVSKRTIDGKTITFIGKNDFSAGDDSVKDQAEIMAEKIEVLKRDHGLSPQFYIIAHSMGGLVSRQYIYDHPNTVAGLVTLGTPHHGSPLASDFDWLGFFIGAEAAMDNLRPEWVEDFNRRFPVENAPLYNGGKIYTIRGDSDGKIWEWGAMGELYVGWHILHKKHGTDSDGLVPHASAVIEGAVHLADFPNYHHLDLVTREEVAKKAAEVLR,[*]OC(C)C(=O)[*],16,283
PET,,PET6,MNVLTKCKLALGIIAIFFSLPSFAVPCSDCSNGFERGQVPRVDQLESSRGPYSVKTINVSRLARGFGGGTIHYSTESGGQQGIIAVVPGYVSLEGSIKWWGPRLASWGFTVITIDTNTIYDQPDSRASQLSAAIDYVIDKGNDRSSPIYGLVDPNRVGVIGWSMGGGGSLKLATDRKIDAVIPQAPWYLGLSRFSSITSPTMIIACQADVVAPVSVHASRFYNQIPGTTPKAYFEIALGSHFCANTGYPSEDILGRNGVAWMKRFIDKDERYTQFLCGQNFDSSLRVSEYRDNCSYY,[*]OCCOC(=O)c1ccc(cc1)C(=O)O[*],31,297
PET,,Cutinase,MRGSHHHHHHGSNPYERGPDPTEDSIEAIRGPFSVATERVSSFASGFGGGTIYYPRETDEGTFGAVAVAPGFTASQGSMSWYGERVASQGFIVFTIDTNTRLDQPGQRGRQLLAALDYLVERSDRKVRERLDPNRLAVMGHSMGGGGSLEATVMRPSLKASIPLTPWNLDKTWGQVQVPTFIIGAELDTIAPVRTHAKPFYESLPSSLPKAYMELDGATHFAPNIPNTTIAKYVISWLKRFVDEDTRYSQFLCPNPTDRAIEEYRSTCPYKLN,[*]OCCOC(=O)c1ccc(cc1)C(=O)O[*],31,273
PET,,PET-digesting enzyme,MGSSHHHHHHSSGLVPRGSHMRGPNPTAASLEASAGPFTVRSFTVSRPSGYGAGTVYYPTNAGGTVGAIAIVPGYTARQSSIKWWGPRLASHGFVVITIDTNSTLDQPSSRSSQQMAALRQVASLNGTSSSPIYGKVDTARMGVMGWSMGGGGSLISAANNPSLKAAAPQAPWDSSTNFSSVTVPTLIFACENDSIAPVNSSALPIYDSMSRNAKQFLEINGGSHSCANSGNSNQALIGKKGVAWMKRFMDNDTRYSTFACENPNSTRVSDFRTANCSLEDPAANKARKEAELAAATAEQ,[*]OCCOC(=O)c1ccc(cc1)C(=O)O[*],31,300
PET,,Cutinase,GCCAACCCCTACGAGCGCGGCCCCAACCCGACCGACGCCCTGCTCGAAGCCCGCAGCGGCCCCTTCTCCGTCAGCGAGGAGAACGTCTCCCGGTTGAGCGCCAGCGGCTTCGGCGGCGGCACCATCTACTACCCGCGGGAGAACAACACCTACGGTGCGGTGGCGATCTCCCCCGGCTACACCGGCACTGAGGCTTCCATCGCCTGGCTGGGCGAGCGCATCGCCTCCCACGGCTTCGTCGTCATCACCATCGACACCATCACCACCCTCGACCAGCCGGACAGCCGGGCAGAGCAGCTCAACGCCGCGCTGAACCACATGATCAACCGGGCGTCCTCCACGGTGCGCAGCCGGATCGACAGCAGCCGACTGGCGGTCATGGGCCACTCCATGGGCGGCGGCGGCAGCCTGCGTCTGGCCTCCCAGCGTCCCGACCTGAAGGCCGCCATCCCGCTCACCCCGTGGCACCTCAACAAGAACTGGAGCAGCGTCACCGTGCCGACGCTGATCATCGGGGCCGACCTCGACACGATCGCGCCGGTCGCCACGCACGCGAAACCGTTCTACAACAGCCTGCCGAGCTCCATCAGCAAGGCCTACCTGGAGCTGGACGGCGCAACCCACTTCGCCCCGAACATCCCCAACAAGATCATCGGCAAGTACAGCGTCGCCTGGCTCAAGCGGTTCGTCGACAACGACACCCGCTACACCCAGTTCCTCTGCCCCGGACCGCGCGACGGACTCTTCGGCGAGGTCGAAGAGTACCGCTCCACCTGCCCGTTCTAG,[*]OCCOC(=O)c1ccc(cc1)C(=O)O[*],31,786
PET,,AAC_BTA_hydrolase,ANPYERGPNPTDALLEASSGPFSVSEENVSRLSASGFGGGTIYYPRENNTYGAVAISPGYTGTEASIAWLGERIASHGFVVITIDTITTLDQPDSRAEQLNAALNHMINRASSTVRSRIDSSRLAVMGHSMGGGGTLRKASORPDLKAAIPLTPWHLNKNWSSVTVPTLIIGADLDTIAPVATHAKPFYNSLPSSISKAYLELDGATHFAPNIPNKIIGKYSVAWLKRFVDNDTRYTQFLCPGPRDGLFGEVEEYRSTCPF,[*]OCCOC(=O)c1ccc(cc1)C(=O)O[*],31,261
PE,,Manganese_Peroxidase_Iz-MnP1,MAFTSLLSLVALAAVARAAPAAETAVCPDGTRVSNSACCAFIPLAQDLQATVFQNDCGEDAHEVIRLIFHDAVAISRSKGPSAGGGADGSMLLFPTVEPLFAANNGIDDSVNNLIPFLAKHPVSAADLVQFAGAVALSNCPGAPRLEFLAGRPNHTIPAIDGLVPEPQDDVTTILARFEDAGGFTPFEVVSLLASHSVARADKVDETIDAAPFDSTPFTFDTQVFLEVLLKGTGFPGLSNNTGEVASPLPKGSGNDTGEMRLQSDFALARDSRTACFWQGFVNQQEFMAASFKSAVAKLAVLGHNRDDLIDCSEVVPVPKPAVKKPASFPATTSAKDLELNCNSQKFPTLTVDQGATQSLIPHCSNGGQNCPAVQFDGPSQASS,[*]CC[*],8,384
PE,,Manganese_Peroxidase_Iz-MnP2,MALHLSSLLSASPRLHRAAPAAETAVCFDGTRVSNSACCAFIPLAQDLQATVFQNDCGEDAHEVIRLIFHDAWHISRSKGPSAGGGADGSMLLFPTVEPLFAANNGIDDSVNNLIPFLAKHPVSAADLVQFAGAVALSNCPGAPRLEFLDGRPNHTIPAIDGLVPEPQEDDVTTILARFEDAGGFTPFEVVSLLASHSVARADKVDETIDAAPFDSTPFTFDTQVFLEVLLKGTGFPGLSNNTGEVASPLPKGSGNDTGEMRLQSDFALARDSRTACFWQGFVNEQEFMAASFKSAVAKLAVLGHNRDDLIDCSEVVPVPKPAVNKPASFPATTSAKDLELNCNSQKFPTLTVDQGATQSLIPHCSNGGQNCPAVQFDGPSQASS,[*]CC[*],8,385
PLA,,poly(L-lacticacid)depolymerase,MKFGKFVLLAASTALAVVGLGGPAAADSTPQAQPSIIGGSNATSGPWAARLFVNGRQNCTATIIAPQYILTAKHCVSSSGTYTFRIGSLDQTSGGTMATGSTITRYPGSADLAIVRLTTSVNATYSPLGSVGDVSVGQNVSVYGWGATSQCGSEINCQSRYLKVATVRVNSISCSDYTGGVAVCANRVNGITAGGDSGGPMFASGRQVGVASTSDRVNNTAYTNITRYRSWISQVAGV,[*]OC(C)C(=O)[*],16,238
PLA,,poly(L-lacticacid)depolymeraseC,MRMSRAVGAIGAAAAALSLVSAGVADAQQDIIGGTTVSSAPWGAQIYWDNVTTYGGFECSGTIIAPQWVLTARHCLNSPGMNVKVGNVALQQGKSADVDQQKASPNGDIALLHLTTAVSTTYMKLGTGNPPTGATNQIYGWGRTQGSSPPSSTLKTANVRVTGLSTDAFGGRAIASQGINGSAWHGDSGGPQLYNGAQVGVCSTGSNSGSNTQGTQNYASIASSRDWIRSTAGV,[*]OC(C)C(=O)[*],16,234
PLA,,poly(L-lacticacid)depolymeraseB,MTSLRLLGAASAAAVALTLAGGAVASAGVQPNIVGGSTAPTVSWGAQVYVNTPGRDYQGFNCSGTVIASRWVLTAVHCLDQDGSGMYVRVGSNTLLSGTKIAVDGEYESPNGDIALLHLASATSASPISLGSSDPATGSTNQIYGWGRTTPTGPPATSLKTANVQVTGRSTDAYGGRAIQSVGINGSAWKGDSGGPEVANGVQVGVASTVQNQSGSNTRGTNNYASVAASRSWIRTTSGV,[*]OC(C)C(=O)[*],16,240
